C0,C1,C2,C3,phi,alpha,beta,E_hodge,E_ns,E_ym,E_bsd,E_zeta,E_pnp,E_total
0.5025224392194982,-0.4271498030661227,0.9757483326289829,0.7597866829093818,0.09933301361741098,0.49289007906341764,0.15868976597260387,1.9531642174511408,0.7771405665732374,1.179672242285621,0.6194479287849812,0.7998597491726093,1.1765773910339494,6.505862095301539
0.417399959933735,-0.9696148278866941,0.002547972356309103,0.9714645415789629,0.5908490819704421,0.968016427881331,0.4889763947379788,1.8595931597305566,0.8034378042090111,1.637014787820429,0.0018432215291402931,1.1757668354972526,0.9739350933566856,6.451590902143075
-0.32401755126488374,-0.08164276209602117,-0.08119994909129047,-0.9426844073399971,0.23864794412741364,0.75923672795421,0.1630977679792509,0.10441602916049636,0.6198913651095921,0.00762521083113743,1.0309206011684464,0.16245158863717257,0.9493137954658664,2.8746185903727115
0.48946381974832165,0.862543319422979,-0.7113539186751072,0.952435815902335,0.8928661993517981,0.888485673286089,0.3189356690367986,1.9329456518200105,1.5817920647843629,0.12307949967465737,1.308954737710883,0.3959213106220326,1.5660093862009057,6.908702650812852
0.7505259399412609,0.2928154065323898,0.952695390926563,-0.35445876078681726,0.6013949209309661,0.5389090124082384,0.682821756394466,0.8301721697921308,0.34395295530002895,0.7077105334088711,0.9692718621471441,1.0351429543648036,0.6334226489825128,4.519673123995491
-0.7190772566195285,-0.2537392669611789,-0.4119093655166115,0.2617798769702657,0.679002213761423,0.7248971886667827,0.5286568980450657,0.3400912399923717,0.4118798418910233,0.2153379896583496,0.1616287153912106,0.5177087268651969,0.1572622965096364,1.8039088103077885
-0.7124150545471786,-0.37716623159279616,0.66469358294673,0.3797967646108076,0.7884678242405382,0.8060934355587054,0.047383150552579134,0.9496686493808941,1.5290273433382315,0.08524882295438241,0.43918702619255,0.6437348786275231,0.6304967384547394,4.2773634589483205
-0.9542050858758067,-0.4992329539314351,-0.3182856655373545,0.8580130195072331,0.7642120319990379,0.9703384464050597,0.8024602382759376,0.05330781320818179,0.9791246281413455,0.20497213194437158,0.25747430068924126,0.6580498313319839,0.6991143265069868,2.8520430318221104
0.8945792197838809,-0.31256860773390005,-0.8241279143689046,-0.7525024251289483,0.9537566460523503,0.6746038180468773,0.09026876387438776,1.365188106581015,2.0197081042043648,1.457147827517781,1.744257852104889,0.958848916526945,1.0100989399178797,8.555249746852875
0.6168159898902439,0.4769904427727196,0.7449234327872973,0.05583418705620402,0.7896653732551545,0.7077358747965536,0.8767085283158296,0.5796125706739913,0.15044111771953506,0.38982554711752426,0.022086290886687454,0.5763409849596997,0.2994871709807832,2.017793682338221
0.2894156829895198,0.05507866733143851,-0.48068558324460886,-0.04908710820097828,0.007597112857189003,0.19204481027182396,0.34862790740057314,0.6088698245399372,0.78973610951452,0.4843370156580813,0.22506707080874955,0.5703147574079303,0.022611586870429974,2.7009363647996483
-0.07120340411468118,-0.8302501063906276,0.831075163089237,-0.16140826053720625,0.9835781518601447,0.9030343900825162,0.9842135985005487,2.2068986418959633,0.9668418714188007,1.0090467022759464,1.6823442936316357,0.03642675875595003,0.5285919820362409,6.430150250014538
0.5251484612213528,0.6622810165679218,-0.3938261963539207,0.9210059024476038,0.14179969698953787,0.8476482646633103,0.008339426462728228,1.2571296939087113,1.2873770185543152,0.11286744465343101,1.4281878460809287,0.5310290508246776,1.1818295161199563,5.798420570142021
-0.6204766538762634,0.36495342238771555,0.016283442472430076,0.9749395598394122,0.898202105507435,0.44771716663247896,0.3366071542293454,0.914375702524818,1.0267359202844584,0.7354300762639789,1.3396278317283747,0.6589083068534172,0.9689968617808453,5.644074699435893
-0.4588723513711308,-0.41515473745599296,-0.660630365957112,0.1824719504951542,0.268282949779727,0.6735324459181284,0.7647969417721403,0.5557406115083445,0.27474679478404285,0.20628238608486216,0.6691152673854666,0.47491180418668444,0.0917918756392272,2.272588739588628
-0.23473434938389337,-0.7442820320105397,0.4445137632553626,-0.44994018530645286,0.7897481704075093,0.26769553554937453,0.8275545109528107,1.5924260429813333,0.8592241867618371,0.7595476826266463,1.391814703040437,0.4171354434471237,0.11909657833409959,5.139244637191477
0.2044757647332689,0.7529289364723233,0.3955529224968759,-0.6258572177579342,0.02444885324989765,0.38556525148678933,0.065923045328522,0.7821883871394392,0.4414200448667807,0.2984531717390544,0.029390395781430434,0.45961389634208183,0.9236804590120263,2.934746354880813
0.43332897450314856,0.19803562020641552,0.2249012415072269,-0.07580429504813346,0.8047049808776874,0.046528693579772185,0.22570073079340713,0.10490517440789482,0.23874945101517503,0.48529335429673304,0.07165075672679005,0.24353010855238566,0.12034275189520999,1.2644715968941886
0.052856232417865856,0.9742323420524654,0.6583362606097001,0.9685151384925383,0.42352015375946284,0.9607286980825601,0.8976845732825023,0.9714306046705582,0.9928860835888496,0.6713761096345996,1.5093408485114408,0.3423241976516983,0.32714266146068793,4.8145005055178345
-0.9476085683557589,0.5458189638785709,0.23749270514491494,-0.766424765398646,0.9248369393107512,0.5135032289218506,0.682273816181666,1.1642038176265348,1.4916711796601323,1.2434275322343298,0.2770085865171247,0.7821305429115354,0.8960527876495624,5.854494446599221
0.28927795516566324,-0.15040126808399812,-0.7683695844517426,-0.1388835177414518,0.688698267985027,0.3138862455777275,0.8957252747586444,0.9581289424597736,1.1132009467139865,0.6896792232496614,0.8796766041359936,0.7626072939505761,0.2544472776001686,4.657740288110159
-0.4821807722410305,0.14627558143122732,0.29291660314597556,-0.37468590324289,0.37979061216281496,0.793866059515525,0.4242435326406616,0.577889663695859,0.9249717366841621,0.37845635367225783,0.3142104582102396,0.3877314078352635,0.4175324496789276,3.0007920697767094
0.9095868079631346,-0.5846002417314244,-0.22407799852994614,-0.3312006451430374,0.8854689150513858,0.1270662453946262,0.30991211741143865,1.2245358163950426,1.2661450645502956,1.744187049694559,0.9660118362996484,0.8153156471830456,0.46219669725033763,6.478392111372929
-0.35061122825496605,-0.9931654103134022,0.8532204432758463,-0.6918373518372918,0.8787542649857341,0.618520258580442,0.9146954039525077,2.3662960266811472,1.480566612265729,0.8925541820584362,2.4129878869745256,0.3152505811650389,0.15555167979654705,7.623206968941425
0.5503255795697619,0.21427446230494085,-0.4942341310172027,-0.9830922226841856,0.8640788016388721,0.6918231615495611,0.07374755113418208,0.7051145821106014,1.437796599660639,0.5860511172648211,1.0130851366415743,0.5551224584971428,0.8771904700077249,5.174360364182504
0.021231490968507183,-0.743862029291231,0.8143909951961941,0.7807869532084855,0.9097101551612264,0.8814280344541132,0.6624991190112107,2.08957219047554,1.105474285511081,1.0150935202597382,0.6263077691393928,0.08114471138921664,1.3865814915316315,6.304173968306602
-0.9174967625510422,0.7885128157530705,0.045222616641663604,-0.3923376658150737,0.8521170975727247,0.15660673917599788,0.02193013769530172,1.7539975514140773,1.1196544455187354,1.4560095783041127,0.394130064882078,1.202038580386928,0.42799627859891354,6.353826499104844
-0.3566363162784387,0.8297924610968219,-0.43182223630286276,-0.8542190023598348,0.9175531017593898,0.2859699951845548,0.5282710875484073,2.0207875783066793,0.416873520968358,0.9364287773752606,0.21089698502861842,0.5762883829331785,0.4958961661417489,4.657171410753843
-0.5945273943871947,0.5875774536959399,-0.4655019212842251,-0.12742978584853293,0.9723922462552081,0.6131136411547448,0.12150052034956527,1.7616472897609203,0.1799973874423828,0.9321048480831347,0.24345562912810215,0.4193392296053122,0.1460886477502199,3.6826330317700715
0.7808427739872075,-0.1541951183105119,-0.3766119402077934,-0.9963773757121519,0.27610933478832966,0.8538427768555792,0.059979794548813414,0.8132918626945507,1.5560056644798617,1.1850378922977194,1.2924090475297425,0.6128382088908852,1.054449098389644,6.514031774282404
-0.2588768174895628,-0.510512403406548,0.8890376620364193,0.5663880142021156,0.9473690585391391,0.045853918255195025,0.9480399402972857,1.6274703390827696,1.3744696852068283,0.5016355859169852,0.7345123537236151,0.5079636673746527,1.0202527677672664,5.7663043990721174
0.1959026059995066,-0.09031452284380714,0.29515503428073075,-0.13465034331330616,0.7388371625327503,0.870409515559962,0.25193461673953044,0.5466410261149561,0.15311256560654662,0.5362171288433137,0.31208136041837264,0.3027918144366769,0.10799355722729442,1.9588374526471606
0.9396221462060819,-0.28797801467017825,-0.9380555960753714,-0.09001952738206098,0.5466536467772063,0.5994172771830739,0.8812435075555443,1.4942600735794658,1.9136855532342776,1.4776001608762601,1.2579458433805595,1.119888654508234,0.3601589155900971,7.623539201168894
0.349670881262482,0.0989120247781361,0.6302691920509083,0.9565560529221233,0.2998048762174005,0.36146272892949627,0.22418319415409294,0.6369541905593179,0.6632207319572756,0.5007588564843459,0.6582288232517548,0.7061926079040132,0.8942148509810881,4.059570061137795
0.3829041338338981,0.9257443178406068,-0.05193676462020402,-0.7206402456895697,0.9779117088481493,0.3082930068904953,0.7567760417692272,1.4342500380322867,0.7230969967299301,0.29284018400670875,0.20240664463182267,1.0652596201373519,0.6725600809553908,4.390413564493491
0.8141322671986395,-0.47616260837731295,0.18316592318178193,-0.7300885744924379,0.09255657285899721,0.29162446580129486,0.7978067675895277,1.3997084910225337,0.9230017738138327,1.5402948755759525,1.2398009382847852,0.7000628187948508,0.6428718107443621,6.4457407082363165
-0.4217679146924458,-0.651824319026947,0.0061038759400890985,0.3748206836399499,0.40778532100845855,0.17908301791105063,0.7842805832617258,0.9033212609396761,0.5778000640885148,0.48005640433450125,0.2770408926884891,0.8566044004330808,0.37879933841802343,3.473622360902285
-0.1540395249130586,0.6729934000169115,-0.8038248761090865,-0.37637592960503774,0.4754727522732849,0.2437535962443793,0.9480466624073662,2.0249334185943653,0.800335723038043,0.5770329249299702,0.3495169610399145,0.20785123854870424,0.16459290678578908,4.124263172936787
0.23028124240530023,0.26689941250504523,0.778514469188746,0.5034915204338426,0.10866786627730896,0.7495257363544278,0.6838543192225736,0.7434436717376095,0.7496298349569828,0.213381829900255,0.16430615420265282,0.6267556778863509,0.29570646598068917,2.7932236346645403
0.1450822587304086,0.31503627957303304,-0.9981102215905555,0.23862812928378552,0.052329483162442125,0.07899500874652265,0.8467208653703974,1.4611307674995073,1.2386437320344783,0.08004597915737555,0.44255960558672924,0.7556150713827268,0.5530690600974897,4.531064215758307
0.2426652635769082,-0.6413469769905034,0.6409289261512434,-0.19551320186389565,0.3810502661872571,0.8819994315904383,0.3877117682144188,1.8525514188235532,0.4764689433198935,1.1340122405674116,1.247650067231785,0.12175068262771405,0.2155446273889739,5.047977979959331
0.36084763977803846,0.8356444893527162,0.8514629143627142,0.7420285092272731,0.6297897681557729,0.3984488125146918,0.7026832490872874,0.9217324412795098,0.787426678275585,0.22479684957467772,0.8526839040449427,0.1962422448990172,0.03050821695186734,3.0133903350256
0.5546240988954458,0.9099079422060821,0.3129069515751688,-0.6852129194197003,0.3703953498057785,0.4027377979621023,0.508165330717227,0.9566245007274478,0.5158023150881572,0.10528384331063623,0.12678426244231678,0.8743130400786362,0.9699294398294402,3.548737401476634
-0.5575005331015164,-0.18924086148592156,-0.3650566644418791,0.36772765929156503,0.1306766207549881,0.17739487700403622,0.3415016546831935,0.32209746646657067,0.3395349323762633,0.11825967161559481,0.045220429552212726,0.45456606950671574,0.29864402162140685,1.5783225911387642
-0.2974149472379164,-0.3637878985714269,-0.9319708314919597,0.4985131330811923,0.057889967507054774,0.8975234636528248,0.27803883231770443,0.8923997274444295,0.8339611374865202,0.3163729513335105,0.7338443962420493,0.716890406539491,0.15947342276286686,3.652942041808867
-0.8354401367948492,-0.5828449801457669,0.19491813082286358,0.10275106353900654,0.08952006001480262,0.4109780808778516,0.7336176213291074,0.7680345286732427,1.0714586930333154,0.0025951566490822753,0.5180869943302393,0.8056469177203279,0.21635811762850846,3.3821804080347158
0.8916866060949951,0.7839809983334831,0.030733100747293296,0.26735811786164154,0.9393393840944697,0.6572505067166152,0.9323684489627858,0.8561912933721304,0.9678967524923584,0.35770560776151195,1.0503945927135814,1.1990912006336873,0.24326395085589503,4.674543397829165
-0.941870651819964,-0.25220594262877727,0.6038801912733913,0.4949003073035063,0.9720127982443689,0.12192343224808866,0.7592197805077752,0.9991537343947401,1.7437109660147578,0.4396647091911867,0.12197692073765865,0.822609574554596,0.6472024801784583,4.774318385071397
0.8652301148446024,0.39155865290344627,0.8760170082786181,-0.9158100886395417,0.11349166927667464,0.8915194421767572,0.19202132575015296,0.6429823557650606,0.37711092888983233,0.7236714619411562,1.2916572345295159,0.917073412797473,1.2588221283216245,5.211317522244663
-0.22373299724141593,0.4328183648017616,0.4895866187962499,0.21808920042800417,0.2297021882984951,0.5949208726971346,0.6667864627301001,0.7312986268574864,0.8005552962088675,0.40655136204317754,0.4112125079254213,0.16863475261519623,0.006187120651787892,2.524439666301937
-0.792960751808075,-0.7749026689947887,-0.37670294513469726,-0.6425332134897788,0.957245614072561,0.5453940646334337,0.210997382867252,0.5441512162524059,0.6732710920692893,0.23194191718671364,1.5593409913577223,0.7946800997641289,0.9344413310928531,4.7378266477231135
-0.22528836985827394,-0.3090014996256425,-0.9066747746356476,0.8856370730262055,0.5997058788650343,0.22655380534521496,0.496668416924511,0.8867310395942034,1.0356412339878558,0.33371312976736855,0.2454235735600392,0.7103174599391421,0.605473207991049,3.8172996448396583
0.36065709333780793,0.40881529999182664,-0.7202643501922523,0.9226893584470681,0.46232510870465526,0.9312793032011967,0.4601484956114176,1.2349218135094537,1.4499971869088875,0.2018417933459813,0.8127239242810272,0.49177759686932965,1.2171444448443318,5.408406759759011
-0.5619788704886608,0.5797495429795141,-0.14929856136973063,0.9789028844102861,0.3759294763558746,0.9529608389830264,0.8446820662714621,1.415862219679235,0.8042414628830445,0.8917284134681749,1.5363623669627289,0.7114404168541139,1.0654586571318863,6.425093536979183
0.024995667804653676,0.27892399719252814,-0.28629074061175386,0.6049076805934028,0.1612595920055514,0.4610720461768498,0.4967091243452596,0.7479637019367249,0.5532494806537687,0.003928329387874463,0.8018692896259044,0.019864577321552557,0.6847610383240424,2.8116364172498676
-0.14729364729970418,0.5732498872211336,-0.9947529143911034,-0.7692467623630381,0.42905144935862505,0.2970168331645966,0.5551852688328143,2.0429245463168826,1.1551579720366145,0.47054353452083775,1.1855302358314983,0.4951498508198219,0.19900476637544418,5.5483109059011
-0.7118556845534845,0.8587931330668794,-0.7400562846603012,-0.031600904268592966,0.7259085536021025,0.43965545764073366,0.12733843530028677,2.5559324531507386,0.040840961814253875,1.320648817620364,0.2795089243330777,0.4746646906833205,0.6039543510806614,5.275550198682415
-0.9764357489152429,-0.7773631661655698,0.18932582901988804,0.9740014460469992,0.15118329584111045,0.9896183260774882,0.7749384383413268,1.0226253370437353,1.5553621563539306,0.0509274172503269,0.16079401034736163,1.076255211603303,1.1211763719308208,4.987140504529479
-0.9249537120740179,-0.6887695619353618,0.34411566071974,0.667698248750972,0.5530425835661957,0.2570897936811718,0.5775990407627646,1.052547059972846,1.5361486722941466,0.013815849861343876,0.13948690113697304,0.8071307572526307,0.9047146416400048,4.453843882157945
0.6214766489228374,-0.2701247859730125,-0.016919376522608554,-0.15419562901421502,0.022060976727466763,0.01785725721348974,0.24177538583656055,0.7530310840929313,0.7000742770511319,1.1416014348958499,0.4246066802891413,0.5639437339118226,0.15876597197618147,3.7420231822170584
-0.3454447798247564,0.4002002305304173,-0.9508629419487666,-0.28290395574950233,0.6667068694634967,0.3636616403152124,0.19208988474450095,1.8039257237628543,0.7185797444238111,0.4956450103551737,0.7868440595905486,0.7233851013307275,0.0976316128212249,4.626011252284339
-0.6213393885838088,0.9179659205283577,0.8053880913555185,-0.902019294717086,0.9837935322872425,0.3772015223063976,0.22201642481831674,1.39144756180593,1.7875351978261618,1.2893053091121665,0.6327033518860132,0.4232475234647436,1.6413381153808315,7.165577059475846
0.2614542542214935,-0.7075779897707293,-0.39280487364198136,-0.8743929595458979,0.737848476386152,0.8712961306136018,0.8342908805336651,0.9408048360790051,1.0040163116818341,1.2190322439922228,1.73626661807352,0.44550024323949466,1.1523330424096363,6.497953295475712
0.7407705205915636,0.5236493128583384,-0.8836797429066687,0.16604664482621723,0.4768960859570017,0.15836704482374664,0.836139176826521,1.4034983144700621,1.6908689214287191,0.4671212077332252,0.09119393033904055,0.7304156903441121,0.6287849349861274,5.011882999301286
0.5801991422419672,-0.5714544745038357,0.015488369156823945,-0.20004270335451046,0.5046848132197744,0.8423953717924291,0.3530009821324145,1.2770605469343281,0.6447278544269475,1.401653616745803,0.7717370674374842,0.8460656764679954,0.19119180549707623,5.132436567509634
-0.7717270886920691,-0.14628933199823413,-0.2283311922898874,-0.12669808924606918,0.8269850456388329,0.1974931534386568,0.10721563163481262,0.3655028722389239,0.5940751321006094,0.37543775669383495,0.3251225546168248,0.4679054046376878,0.16010050684051716,2.288144227128398
-0.9856483105231839,-0.5454800571130993,-0.22164007527825924,0.8845620493026425,0.9392930565472403,0.6249122293925017,0.8711866640876955,0.2128518665524176,1.1178330549659816,0.1901682534100846,0.28995766922019073,0.816664137096432,0.763661808381306,3.3911367896264126
-0.4309445361789732,-0.0028944622552029564,-0.22911994678017078,-0.5288145063450242,0.7495912393042791,0.9088323536837268,0.5372117541811866,0.43967162903581236,0.4133503919368121,0.17805007392377026,0.5842049186127755,0.44169775261445443,0.5294776853828935,2.586452451506518
-0.8930671150871088,-0.4220832974222748,-0.03088303721085972,-0.47195403061479557,0.11568435190180437,0.47738859627136687,0.6809815342836179,0.2890255311060122,1.0509656901221673,0.220983817664834,0.8949910900244378,0.8377338177549695,0.48498924479517,3.7786891914675906
-0.31208066626714426,0.45215030989396476,-0.27776175613608944,-0.14709770817258927,0.6936394186748642,0.20797601263426635,0.2604872852895084,1.2024576160894016,0.09315799340009052,0.514230976161109,0.22790100854957107,0.33042888689144745,0.021507644058964548,2.389684125150584
-0.9103231598357506,0.0753068133932453,0.963096565185459,0.5567402613742694,0.11713566252203966,0.7629455192791352,0.027749240931148833,1.440850189121308,2.0961158295709175,0.7356299732289959,0.29550791910451457,1.342951331710089,0.48421252806017245,6.395267770795998
0.49109648860455635,0.4279773121468893,0.7955823837872982,-0.3217379251344963,0.28091380955179257,0.9233696598731008,0.38612192874001916,0.6784273331290869,0.4331810652365403,0.31311917645766707,0.5267119423802868,0.6131533159426871,0.6622291353391991,3.226821968485467
0.48701394654514774,0.08588247509996383,-0.23235704430223025,-0.3694754563695577,0.07736850987081878,0.8115795080409833,0.10495085411784488,0.45009927504481495,0.867161173395201,0.6511314714451839,0.33758277730646247,0.3899815424748403,0.3495200582979702,3.0454762979644725
0.15784993873423603,-0.01806676813967889,0.3979772863473734,0.40023062579965485,0.9558059058975412,0.9342944984736027,0.21093559430960263,0.5076157615519455,0.4002195979329993,0.4259167068739149,0.22377793721155673,0.4588354875748125,0.40742078915695146,2.4237862803021804
-0.6098419679110008,0.8826326572308294,0.02149430059145585,0.8392605612394828,0.6248299576932287,0.1766979809056023,0.45168635787338796,1.7839022006564544,0.9670404929982497,1.2424746251418302,1.7214312135123964,1.1660593405948738,0.8202889895931279,7.701196862496932
0.23019230277405556,0.8120746994383661,0.4946655172145644,0.9021546454026093,0.28726715040815165,0.8304526744482189,0.4192582844526338,0.7707653204436301,0.6253350726015525,0.3318823966643105,1.469535370919823,0.43250533361082943,0.5004492941880679,4.1304727884282135
-0.43515926317093934,0.7644494672582991,0.4357543591454909,-0.4103019333438964,0.8495308440913336,0.4343006461291099,0.504435036694647,1.0813893667790873,1.0350343956539887,0.9496087304292384,0.16426567240010526,0.5462747396982779,0.7434141210481484,4.519987026008845
0.7590939796462659,-0.981346699330699,0.20614593680251647,-0.2933865493494163,0.6578184745550931,0.6498515063054633,0.171771091980209,2.2539823154878373,0.670302662583516,1.9904406789769649,1.3172293959403023,1.1547477523513154,0.09108591468783192,7.477788720027768
-0.14380878497399752,-0.48077618279499723,0.06972903986673806,0.3110558986971135,0.5751065587808348,0.5897639135842712,0.7993242828629391,0.8151441581312346,0.33796018431958097,0.5869673978209997,0.17458242309862088,0.4829515354152579,0.344579960314204,2.7421856590998983
-0.8168789858337855,0.48149841318557884,0.4599258047277546,0.6695065595515644,0.8916140421589126,0.88270268637254,0.9691464950493821,1.012814821600321,1.5446074143821658,1.0483773990193643,0.9394732268826705,0.430012101374717,0.44805301439205014,5.423337977651289
-0.31549223917042135,-0.20323476868272206,-0.5109473251640573,-0.6243956904107393,0.40881809786472767,0.6382487474113079,0.6887004181709062,0.41417163618366326,0.4452133621579316,0.1377425295123007,1.0886976281857663,0.4654586760665459,0.728237951849512,3.27952178395572
0.3973509641279933,0.282703655162196,0.6228212678065801,0.10984256281530125,0.8241175037820576,0.1962407027647629,0.5134150341140741,0.5089568822912423,0.2694073288047073,0.36464730896579733,0.004639886345301492,0.5387930947083808,0.06623128610637188,1.752675787221801
0.20673537304361989,0.2148252629851255,-0.30912418509376494,-0.9678870152912387,0.19166327276039985,0.5076124598993613,0.9573866676941849,0.5709594456466683,0.9030143642538804,0.2419101100584944,0.8486195141159975,0.19766660863044938,0.901479330933408,3.663649373638898
0.36561416282507486,-0.8042110807343128,-0.0037756440612282116,0.7347292759727508,0.7572622079700507,0.057908752691875676,0.5399977791145645,1.546190274599641,0.6632815172754034,1.4198252435593877,0.06949606024963906,0.983242518085622,0.7316928611818024,5.413728474951495
-0.1137781137685756,0.7983004610554987,-0.12417030431936493,-0.45641359003553417,0.1793319175509408,0.7040648312737254,0.9314654153032748,1.5381701449980003,0.192957626565003,0.6620785748240743,0.3264686065452008,0.7310192136204215,0.3572883788479836,3.8079825454006837
-0.44440178600453817,-0.19438942996864572,0.6596712362478772,0.3238315425420806,0.8508290290302684,0.618756535687256,0.6102829841283987,0.8235553002595525,1.2336056392692476,1.2356035892446826e-05,0.30572402735936777,0.6874826992815005,0.4520646581230172,3.502444680328578
-0.6906743733146679,-0.6266907189526523,-0.2810656876506685,0.30695234750915246,0.37163476243048854,0.5355392123260245,0.2900882217583699,0.4389713479115064,0.5323896246676603,0.18601634563798441,0.39873629221804296,0.6909622179593177,0.1308110896424334,2.3778869180369453
0.21731246828837003,0.32193926306086906,-0.0671156850250958,-0.31877502771074706,0.6344932055512366,0.5880727957344243,0.4928184290894241,0.5057561980843882,0.41193816439776465,0.14537320522750097,0.0013402798262658888,0.3634798121799583,0.2971678535339423,1.7250555132498202
-0.27215865526329597,-0.37482006064492346,0.641346482636721,-0.23930357284502968,0.31526540984984475,0.9442347445810598,0.4984390414930412,1.1424612581014428,1.009226567038029,0.3526614053816275,1.025448944280447,0.40260574962344553,0.0010859546712744528,3.9334898790962662
-0.6349517415085943,0.3386438295588696,0.8483781467959408,-0.5804361703357392,0.4257381706477714,0.4545271779545106,0.83503713544075,1.2674471664178988,1.7155043564388308,0.723595571067464,0.9615378207377845,0.8272101879913684,0.8677341948807735,6.363029297534119
0.24989330215992123,-0.32199295427598584,0.3681372464913233,-0.8970502563158189,0.8107823604964727,0.2816379544756026,0.8484279999023162,1.04047191984046,0.47706404685772963,0.8218862564359071,1.354568242846018,0.17109094329529806,0.7785126567390509,4.6435940660144635
0.2342783751117421,-0.9851301997929638,-0.19402355740782262,0.31028765377071865,0.8974782193875028,0.7652532367073857,0.5419213112407465,1.597836969796087,0.5524169940278522,1.4694085749047059,0.7124876868514318,0.9082458299410122,0.11914918789700876,5.359545243418097
-0.8450797265892762,-0.777400733095782,-0.8503683132102116,-0.5174263022917327,0.6590868714983584,0.21220983331022114,0.21931743142442373,0.6610486698443081,0.21225910753762844,0.18232100650650573,2.017953303499495,0.4955074434090677,1.1785032523827748,4.74759278317978
-0.6740284925895603,0.059247553047697465,0.2846945051652754,-0.7295845279929536,0.6589043480974162,0.8648569183057865,0.5970894611803659,0.6394830173743649,1.2505568089520172,0.4832760456372578,0.7513879362165572,0.5624611984123581,0.7464519807901212,4.433616987382676
0.6754059646940727,-0.6501539803436098,0.9452842564684549,-0.4133622816829219,0.5319123461311748,0.40627139811231583,0.932236808860488,2.388249005399628,0.435223204447551,1.5755599450376825,1.9570785875536514,0.6328332584718814,0.20121804021619383,7.190162041126587
-0.7659401837800133,0.4523784273878566,0.25568779366340544,-0.7557537406682657,0.22585046412457144,0.08923041449884561,0.052504052958770586,0.8963256247859575,1.323929473710725,0.9683186111678699,0.3687515611088693,0.5796607256144578,0.8714213826679879,5.008407379055868
-0.5167556961951714,-0.5359051906039987,-0.6836013122148186,-0.3491418615826216,0.7485614697844547,0.44154198671726275,0.2725643515850845,0.5859950212984325,0.30650236065269587,0.2691494944088273,1.3523578062484423,0.4060739697084056,0.7154873531022475,3.6355660054190513
0.6148347934500709,0.36207655462586974,0.24572882966595233,0.903501941345775,0.9344943039763554,0.8443611514536413,0.34314285495419894,0.0623839164729908,0.7305067403224286,0.5027582388242011,1.2051958382426462,0.42376512168495284,0.8145292933280798,3.7391391488752994
-0.6600315224780875,-0.6687799330633384,-0.6902443742350319,-0.6907676299933363,0.014991856458707598,0.015473745019557006,0.5783156866066047,0.5608625929149897,0.30651990375427896,0.2587484105852509,1.8359848592197854,0.3514802024107373,1.1523892163915868,4.4659851852766295
0.6283005023981127,0.7979465744588061,-0.35090587241621085,0.7354460517560533,0.6852873979680042,0.061136161363766095,0.9824260551472435,1.3932647977971249,1.273384795516745,0.08035392793930662,1.4102576949186774,0.7611909532416516,1.0154501906080475,5.933902360021554
0.013687594891008015,0.7492139961559223,-0.256328046719144,0.8296723963960806,0.6346542706068244,0.6565508324234878,0.8150861482808095,1.523148042738708,0.6018846001685842,0.4855264012649143,1.5131823250171512,0.49972974688228233,1.0217169566053723,5.645188072677013
-0.6655126069117363,-0.3367588590045718,0.7844477807131345,0.9346300092209883,0.7191612523547671,0.7085632591387275,0.0687676798591702,1.0241815375650383,1.823812391313266,0.0787537479071645,0.017487170449345446,0.7804452251644308,1.198799748802612,4.923479821201857
-0.6889673358375861,0.6654034468561851,0.9228704871162858,0.08011725792266255,0.48713520728259563,0.4561293894034304,0.3248063194002009,1.4669751890919345,1.643884726122937,1.1043707826937712,0.10616923121140298,0.6019507081788937,0.5339639452063606,5.4573145825053
-0.5607712937974834,-0.9965035350954914,0.3021011040209638,-0.8618751594132503,0.06591962202026791,0.3011735018023035,0.033232896297208825,1.7157714667845574,1.2076224615837474,0.685732241298008,1.9496437715594268,0.9747880779732693,0.5608303413001091,7.094388360499118
-0.80565905239257,0.3822167917042252,-0.97220473242065,0.0014174661262045252,0.4014269923988476,0.7430359739107477,0.8304344095357666,2.0248028045141178,0.16711266647856182,0.9378758440967951,0.561547783910678,0.9928174669127098,0.3730104398316901,5.057167005744552
0.8957627412875306,-0.4086627655061086,0.36933013836089046,-0.033296817238390064,0.5450495692316523,0.9528419742955553,0.2709754532150457,1.5119382103650403,0.5397513298219963,1.5544255067936392,0.5783643338461731,0.48721399778898344,0.11763465848892515,4.789328037104758
-0.9698933417050528,-0.154827443040624,0.6107306194933919,-0.640962196893311,0.08193452898382092,0.07433959263540724,0.20480615176820327,1.049229057433731,1.8370088399557691,0.5650658986644288,1.1687815295207173,0.9408498473052943,0.5464043366905329,6.1073395095704734
-0.6332139393841121,-0.3713476845281507,0.9329250079399456,0.8924980898557535,0.6427871031274784,0.7522196015686149,0.45676465541562283,1.2476091019457458,1.9231381832663592,0.011866254855961378,0.3491986651121446,0.8781842931038509,1.238937631392659,5.648934129676721
-0.7240706735891003,0.7454382172406806,0.6857443072498726,-0.9716849960822274,0.13769681340375273,0.28354674199585617,0.7651329849483558,1.271411109216627,1.798488979271864,1.2195088908297809,0.6964920337671544,0.42172924678535817,1.482865009961518,6.890495269832303
0.13334703113364443,0.8335883004688396,0.16721928167386513,0.8500487246847628,0.20341540353268317,0.12593420944855038,0.12072149282669453,1.18320731355634,0.3738917404141258,0.45024126933519515,1.655674736990079,0.7330425343617967,0.7106566878686253,5.106714282526162
0.9897440917135027,0.6639916139351023,0.6374536497682219,0.3599658474694942,0.7376890835499319,0.6212323232552809,0.9566116188252541,0.3417790880920013,0.4962767809330785,0.5757524777784004,0.6176103058017696,0.5214100100236317,0.06329803024892894,2.61612669287781
-0.8067138122603363,-0.9764147089075244,0.38805583889964845,-0.6896646603198477,0.05054246463067036,0.0004674885954564223,0.27809633394913813,1.6446039379122714,1.470635515287924,0.419700896647188,1.816666703331482,0.9917157761380441,0.3107612313407823,6.654084060657691
-0.8069405478084006,-0.1885518042876475,0.9247269557329831,-0.2512118316209664,0.38818663027121825,0.9517427249153201,0.7793576411719042,1.2716316883508894,1.8321522361897704,0.3683887435207531,1.2948835785678043,1.1396454253495358,0.07685289564408887,5.983554567622842
0.6521208969069001,-0.9918380954365238,0.714800513462537,0.6755799807246119,0.8257512261523362,0.5342993202208544,0.6623312831278184,2.7269857241580775,0.3329116088454817,1.893958992343424,0.8271978887582185,0.6030980304274368,1.384546360614344,7.768698605146983
-0.9087188457023789,0.9025475464374075,-0.44536751680026976,-0.45055206602185405,0.4413015434079518,0.5250989570425285,0.2540738848420425,2.4340577685950517,0.6435721553108508,1.5612663921397865,0.2536432553947149,0.9115394524883272,0.04858670647084967,5.852665730399581
0.7516525340955578,-0.9297512632323122,0.5103191134626923,0.8637021806572014,0.43424239972179635,0.23906715737568907,0.4361829215226477,2.466722528005402,0.586814292895746,1.93140379732787,0.326474680140459,0.7952584168173987,1.3381720210507333,7.444845736237609
0.20350087636834058,-0.9323605175724785,0.9733128783757583,-0.2823101417337206,0.43656537571944665,0.9947362256582304,0.706527010502513,2.660076196433142,0.882736058700906,1.385861393940819,2.162008618518303,0.14270279898745009,0.6251683573086603,7.858553423889281
0.39972626717614945,-0.8741955204259788,-0.09333283448914487,-0.27683229836182743,0.27696629702183584,0.2690151118854125,0.2573360068960977,1.592662683823094,0.6037920210100253,1.5239217876021283,1.1597388367815844,0.9807258195249087,0.35842344418089717,6.219264592922638
-0.24089312127047147,-0.2476279597539386,-0.16219578046651417,0.6097864454249848,0.21092337734216005,0.5111880577231206,0.7565396661818624,0.13832519047994568,0.32261191897395125,0.2567348384834671,0.33585101446990456,0.20587873992266015,0.5696222352273642,1.829023937557293
-0.8441801621504723,0.6954031552734088,-0.9949160977660167,-0.14076991224349356,0.9073330261373215,0.2682384512336773,0.2855419726630648,2.5991915428060475,0.20704390051294186,1.289583317423881,0.43522479856404295,0.7216030235678441,0.5510978813753018,5.803744464250061
0.5546916475779204,-0.10269486366050118,-0.9347637095843178,-0.029569898368404957,0.28069543929099683,0.5106652833507007,0.7679072348416245,1.2429179924714284,1.5012833165096002,0.9073865112384216,1.0060479547847407,1.109414669712777,0.1255653300789508,5.892615774795919
0.1362058152632819,-0.12347226383561716,-0.7106474520309809,-0.7319065070320283,0.12249882832541181,0.3195625058186038,0.2992601816188224,0.815792038813307,1.1396158701070742,0.5096780790988991,1.3603985719457707,0.6552780958270047,0.8196517567233067,5.300414412515362
0.8262503365072007,0.3480488485031088,-0.12796356634838357,-0.2554049207535509,0.3464381046463394,0.9526743841130678,0.7027324282665766,0.43667408005105124,1.0563758711570046,0.7282014880040919,0.07626925343696073,0.6332104504083256,0.21086734883564484,3.141598491893079
0.1572690381092503,-0.927335984180234,0.009370183893290474,0.1363553645092308,0.26835429729571814,0.7927563845409701,0.9423082502643013,1.6644758760543135,0.20244100001965215,1.3346050222894843,0.7910684200171972,0.9966003193415687,0.1450446732118651,5.134235310934081
0.804409850606346,-0.07182905992414335,0.23398405033016956,-0.9320914328085432,0.14756877301930205,0.7539892700915873,0.2218923582515977,0.7582983775043862,0.9432623733995937,1.1262389105304893,1.0586690285415978,0.5643599157091992,0.9152845784360837,5.3661131841213505
0.22633543719702454,0.13790951723472022,-0.11635796991774328,0.9737109570103615,0.250505830245073,0.6063403676259129,0.7059473677513719,0.2376364306182554,0.7321777899189124,0.3384259199623043,1.0980812970817033,0.13471926591548922,0.9897578284681295,3.5307985319647943
0.524556610567412,-0.3063926839319304,0.2757134366993774,0.6127035173176592,0.996509573412166,0.47807330665139613,0.9407653922997078,1.058859304667365,0.49392458079509827,1.0809492944993424,0.23029293420914715,0.292957552516259,0.6971800971840778,3.8541637638712896
-0.8646792093295774,0.3789732852903205,-0.976297122662378,-0.862832483857394,0.6163513113502679,0.039991437048974565,0.8381092330212959,2.0528913123207113,0.4567509068757582,0.9936524946198979,1.4370152702859118,1.0296634420368462,0.4928419558625456,6.462815382001671
0.7774032300688185,-0.13003957597070803,0.31907305822431087,0.41314738823447805,0.20552317175955037,0.5187400212164566,0.10929820204881813,0.9288419524089238,0.6235891271382988,1.1574428060395265,0.18130019577915554,0.5777350972880121,0.4546395134296445,3.9235486920835605
-0.3586208421416035,-0.8794575019579931,-0.3861805489142498,0.6243278623611614,0.25633750109039954,0.48945651080721087,0.06490510992753418,0.9295867833435367,0.2772908517171109,0.7708366598163896,0.40426505595654283,0.6725873741145451,0.28469848150826876,3.3392652064563944
0.887476716079098,-0.8386172505931335,0.20594481406113663,0.8352891935023932,0.9765619552966804,0.9150782375997346,0.42267945311417177,2.075332498109012,1.0156475794189186,1.9760939666722315,0.04574132352941651,1.076410794571546,1.0079980672442577,7.197224229545383
0.24657050700947214,-0.042445604098666045,-0.3093835973226313,-0.8185517409470215,0.6436773212711198,0.942409805660366,0.4501444874496614,0.4454025320569672,0.8833748007109121,0.5390161111081382,0.9567155553379797,0.39022324672870135,0.831683714633599,4.046415960576297
0.15067423790566026,-0.133982974840815,-0.013670426473075592,-0.8885636876165541,0.2696701512522799,0.5135722154157846,0.9596221216599654,0.28943774970914005,0.5197701394253575,0.5346572127464753,1.022733543017325,0.19564966732056954,0.8903952920227595,3.452643604241627
-0.7063666369217236,-0.6808611876237332,-0.2933348892830947,-0.1685716867073066,0.2530238103326471,0.37539504540294577,0.45175410119606463,0.5109458112163898,0.48046042232155156,0.22449455070200952,0.9354782316017651,0.7407096168015003,0.36829202779607073,3.260380660439287
0.8852384115196845,-0.808315912546699,-0.8704656559965178,0.5342834799352962,0.165461130875186,0.6085009074403672,0.00447348626963584,1.5555796355203697,1.9694174594903209,1.9435543240663835,1.0317428908808508,0.5047689492096611,0.16932776113209003,7.174391020299676
-0.8961706557517011,-0.2740964696221133,0.23630948298365828,0.5785438603484649,0.37087541077689434,0.4510376054743912,0.2658834694935146,0.6021658699728748,1.3638976828747453,0.37207418612958776,0.24860521897834775,0.48587231451430557,0.6433154553725126,3.715930727842374
0.3554471802708039,0.5787249067070668,-0.35107172839309997,-0.6909634734882206,0.9460948541964167,0.3864420200552843,0.7829775396565415,1.1571804796597114,0.9829042980591922,0.02672227356373713,0.23548992525807239,0.40537676844936876,0.4877895202264352,3.2954632652165166
0.7733669932122873,-0.43327111822487785,-0.9421623996579427,-0.37720249194524214,0.32230811955935823,0.4147983263574353,0.9751102801259333,1.4588272317315498,1.8664103896483268,1.4566381114371652,1.6981435974993329,0.8955747780392085,0.7854142483944733,8.161008356750056
0.188130696930233,0.05255905975105124,-0.34731763894038936,0.44634173217290196,0.7149636637067527,0.5513310164318524,0.8516838210003236,0.42561526948019046,0.7139850287397831,0.38557163717918175,0.37827124960482655,0.3888239276544546,0.46459642071056395,2.7568635333690006
-0.540682398877401,0.2670655415521652,-0.3385950281560919,0.034154553396607445,0.5950022679677839,0.6475736373982803,0.4774242549966793,1.0629476482334732,0.21574919207995208,0.5577479404295662,0.186573501856748,0.34187068604262716,0.12458161795798475,2.4894705866003517
0.24148940091309923,-0.16004198617045784,-0.5966456295152933,-0.787344709130883,0.2192670335996625,0.13357589663577574,0.38139566175737827,0.7654029258229803,1.1530729140807456,0.6515313870835571,1.3033727025210413,0.5573483438013851,0.8828330607184336,5.313561334028143
0.8101029625174532,0.08795901929773042,-0.1728823965298263,0.3445584169105711,0.3132941328879535,0.26757547960327754,0.9565685828430979,0.5515461719992337,1.1208087258115078,0.9721439432197228,0.40262911317840544,0.48997485849082245,0.359764982963176,3.8968677956628683
0.49476573515658906,-0.4551581772150719,0.07888365423268251,-0.9870249051909123,0.26768066126532086,0.9034271704392659,0.4354400164152501,1.1000354230765992,0.8106920430002715,1.199923912371661,1.4484057133110857,0.6236573905606839,0.9511203649183005,6.133834847238602
-0.21363521304621114,0.19093224889821392,-0.001305199168925908,0.14202999438687303,0.5586037764504735,0.5677252163007933,0.004887154608146704,0.43270762881899516,0.26914201163203444,0.15456746194442506,0.3329605397402164,0.2964446562523936,0.14227919899945612,1.6281014973875207
0.3992976109219666,0.17530868523480025,0.25262524303748,0.5441898777873175,0.39511228428688183,0.5342312261723442,0.2529966566402755,0.1542492835993029,0.36434831899941356,0.47398892568716633,0.6556790496023719,0.27696536326366306,0.49990247857329506,2.4251334197252126
-0.618169467189764,0.20051630409741272,0.6255682152681326,-0.08455084719803696,0.7650540147919075,0.6264049821746057,0.7028195694216871,0.9948078400922383,1.2775580213371114,0.5686857712871767,0.27537013505438085,0.7341366447656018,0.20998747368441759,4.060545886220926
-0.8296200609714612,-0.5425450185531502,0.01749160516748116,0.32997680241501315,0.3216814163135382,0.658073023748926,0.47775413112219456,0.5250081062221058,0.9791023871049477,0.037075042418311055,0.21287417238947204,0.9398634438713996,0.3394667856651286,3.033389937671365
-0.43870553396810763,0.32546838897385877,0.5133437037077215,0.8036566842071895,0.48177702321017724,0.16020165429192113,0.8187174158976295,0.830336987383933,1.273511911358705,0.5141739229419664,0.8656033150446873,0.4072280817179166,0.6365795359715635,4.527433754418771
0.9699421763750369,-0.576930399139681,0.5946934205819294,0.32508368899243223,0.8944722559203143,0.31747349735494046,0.1715729291419894,2.0604461873069058,0.5052822313900803,1.796872575514718,0.6055069746306844,0.5027341096297668,0.668180401494507,6.139022479966663
0.2839588869858636,-0.7573207524972614,-0.7779080579285165,-0.8001128940022939,0.5753631403321942,0.8627012316913043,0.305341958027347,1.1470837271706267,1.3819121025152976,1.291279639483125,2.1625745930896714,0.16256674892418688,1.3892388098064012,7.534655620989309
0.5458154343950554,0.6417358684203258,-0.7830387203447249,0.16233572347030467,0.18074860411618865,0.9141055992442234,0.992130206767464,1.601081979461751,1.3937884441279023,0.1540795659747296,0.19092195433152626,0.4142105691219268,0.6648397566774673,4.418922269695303
0.02054256737550042,-0.8337917612806942,-0.9760796896131319,0.2644027516366192,0.3587375134734464,0.6261170934641529,0.7714946947944143,1.2364885016850904,1.10238335764328,1.1043343286561946,1.522120570119343,0.15255921202018785,0.5494444519162274,5.667330422040323
-0.08406304992051816,-0.033350116861835755,0.887141538219349,0.03247737324818201,0.74893413892419,0.4718067672707694,0.20036385214080032,0.9191680281210574,0.98419553743914,0.1992870669413176,0.7878928524478465,0.8958229463177724,0.06206364722078603,3.8484300784879197
0.626683146293437,-0.020531932328647695,0.3577019137976707,0.5611549920950694,0.5778982717635207,0.44987256389818775,0.31618113586351504,0.7059477719030902,0.4934432293337941,0.8972150786220847,0.41267240063190547,0.6505115546157415,0.568499303582991,3.7282893386896068
-0.40080093261076977,0.8147473359884492,-0.6165378990465649,0.7667389983691724,0.21043705543555358,0.1312310882176222,0.27427280859703884,2.202008836532313,0.5224325657834641,0.9655482685992189,1.2013673533968694,0.3986099032472692,1.2690616091532765,6.559028536712411
0.8433623735555666,0.6898813487082678,0.852930471181891,0.3656980823443936,0.43301971404118444,0.330485918535135,0.5937465152109214,0.6382136890165881,0.15584733056408182,0.40348102484729886,0.3280890423820988,0.5847303092514066,0.22272274146894766,2.3330841375304217
0.3129208963626795,0.17266125889980088,-0.6891643601467383,-0.498027086947316,0.02959589568128418,0.48390248373773426,0.3434454389912053,0.8262280520950601,1.2012960912883441,0.3902596374628786,0.8003133433439784,0.6729635494282772,0.3790351009355044,4.270095774554043
0.6072314986577416,0.4648108856985109,-0.31514958929297565,0.7581590617261393,0.8525103283468153,0.9034123972694206,0.9587276795145373,0.8017123456515735,1.2256447126411731,0.3924206129592307,1.123650683793119,0.4532770457344061,0.9046440214529293,4.901349422232432
0.2611430374255421,-0.11277136102881347,0.25542914434170805,-0.13377636034692753,0.15487859446173435,0.7971144858692242,0.2999832474040215,0.577711976803462,0.05922443722260509,0.6239143984543556,0.3117917691548781,0.27322930202566564,0.10497126809308786,1.9508431517540543
-0.566237116303056,0.8912301245987908,0.27759341717119645,-0.42547222191451484,0.4629546870675587,0.8001222280316237,0.6839064160751896,1.520616352798276,1.0140194222400583,1.2074672409018468,0.38869979742749405,0.8967552655791223,0.6728718376878043,5.700429916634601
-0.4328123647354174,0.6385560394990077,-0.04965601812464748,-0.47059587724351015,0.9458252674875716,0.35174075843936803,0.35207403346192234,1.3516074676406693,0.571394697508174,0.8213684042344251,0.16549444211950226,0.805306203742069,0.4388877269725443,4.154058942217384
-0.19110124327898959,0.1291805041992593,-0.960055637132353,-0.497095127502589,0.732025149333753,0.8775814528268352,0.555693646577439,1.2752131159105886,0.967792444854399,0.07028174747824889,1.289621449692938,0.9264257545725885,0.3730746562384905,4.902409168747253
0.4453943788658927,0.033571066713336206,-0.3880241760802978,-0.9996377433160339,0.3881432917371819,0.1221680393911968,0.38304231698054225,0.6006500454992434,1.2332736522726042,0.6618233121525565,1.1166294378254917,0.577150298799908,0.986611357814455,5.176138104364259
-0.31752157988476903,0.23000702713440946,-0.6515906471713679,0.9270825450306832,0.023144836725195406,0.7465622529201625,0.3803869316290279,1.2013633832422486,0.7049020852988722,0.2975286070191785,0.7325192006838905,0.580344409979343,1.0769529726951554,4.5936106589186885
0.7398057304299106,-0.41194497208041136,-0.7428754401925766,0.0006161488487494982,0.6533938155737727,0.5159267685476554,0.5782832093527167,1.2363617970316554,1.482927630161987,1.401750702510322,0.9631927428729763,0.7008333333271205,0.30540765362060474,6.090473859524666
0.3967768163874197,0.4357956554875282,-0.037642703952774914,-0.4040959465927445,0.7439513423490101,0.10449296270930686,0.3835489839234446,0.580106910087863,0.5960578989772924,0.2109811608998915,0.03028273573390744,0.5965413597284631,0.387691419749322,2.4016614851767395
0.6715971047344576,0.15969954085004656,-0.14002038799980476,0.8335639203025678,0.8835299569027216,0.3110181502609324,0.32994921089731877,0.42790907811201956,1.1450430608552895,0.761897563884411,0.9736577520969985,0.3554777052174706,0.8559251119757819,4.519910272141971
-0.025341049180980013,0.17542321811394745,0.6798153059867373,-0.9230898327500381,0.12685214731971883,0.12005504971428049,0.5523584133991828,0.7451127960114116,1.0743922882677326,0.04923573270507253,1.209815464889932,0.5170626124632799,1.0423452214493494,4.637964115786778
-0.31158987687683126,-0.3021384957558453,-0.02674058989670658,-0.03656946611273448,0.959431223254977,0.8498808236431733,0.9555059412170117,0.3310999144498148,0.29947707342521845,0.24054861887901402,0.3394230210166036,0.43119284429755433,0.04464882771974936,1.6863902997879545
0.5763601172617867,-0.5016019747539922,0.4436076369459072,-0.6760653026245533,0.3558311678988859,0.02136896343491068,0.6007206445709221,1.5845110526585873,0.40317860136570083,1.3279620920157789,1.3744550129352773,0.3461743964389783,0.4535508359165343,5.489831991330856
0.8094826497332075,-0.02105478560417806,-0.2120704997078242,-0.5187592776091194,0.9588258349000538,0.07107076868353068,0.2911044332486413,0.6231282602556814,1.2290568604846794,1.0805374353373856,0.5847879600596237,0.5957570389702499,0.5232243765134386,4.636491931621059
-0.5659291755537808,-0.9555076589948213,-0.6386194076374494,-0.4719942982570273,0.984551394404182,0.3464782667748497,0.3631444185104845,0.7027790248768563,0.2614879513864796,0.6395784834410405,1.8353367050630554,0.5998528391342622,1.082200033437346,5.121235037339041
0.14052023735751873,0.8279727917505566,-0.1337617205681627,-0.9418145234866933,0.2881865551911894,0.5651534886426206,0.5969312708511048,1.4710553478653496,0.6510077673203587,0.4374525543930379,0.1317339296254919,0.7644711898611533,0.8310634582785137,4.286784247343905
0.48209964939452643,-0.6661256935755864,-0.062228993883529427,0.7525176990241738,0.4748866749365852,0.6298212137583872,0.16473224343805837,1.3112345098922307,0.8453357228877254,1.3982253429701128,0.08251955776883102,0.8449465243893202,0.7110653673129967,5.193327025221216
0.35844518620320853,-0.35016265407362246,0.8325341323891831,0.7191367302626965,0.869200437172831,0.8403951491094209,0.8160085032725007,1.6070332374159455,0.7617436382910532,0.958607840276831,0.3241390054039357,0.6615940714171649,1.0106590916669735,5.323776884471904
-0.5165302623989736,0.3911435242001311,-0.0954770878347353,-0.12945350702898484,0.22749356082048788,0.578636273530258,0.6633538958202096,1.018686210174445,0.47283457737583223,0.6576737865991047,0.2525741428697445,0.5539315675648826,0.09210826241294101,3.04780854699695
0.4936308922127435,-0.20010351250661462,-0.3874977776342703,-0.15285906904613866,0.008354027156943555,0.5307421130999146,0.7873195562725069,0.6943442774926264,0.9422722974654693,0.9437344047193581,0.5031171092242517,0.4342097112340274,0.23039873543926326,3.748076535574996
0.5826877112248021,-0.5564516824235892,-0.33743881938876386,0.14186917195888626,0.5120168325893263,0.8718890006574442,0.8557051561190178,0.8998728963437388,0.9768741993971205,1.3891393936483913,0.5284474672951858,0.5103567186472264,0.04589922680502104,4.350589902136685
-0.7056653675431979,0.22240130470986896,-0.5191134688973551,-0.010396495289272778,0.10876700001169015,0.984623922430823,0.2216481701355616,1.2500283706757314,0.19071049676155188,0.6780666722530668,0.057473984170049064,0.6495448479590851,0.10505501748596498,2.9308793893054492
-0.8421859234676325,-0.019610128676609717,-0.010946317601262745,0.28210479346255224,0.2542539664802702,0.5272902836858583,0.7451609650569385,0.40426360552957064,0.9440815232513907,0.5725757947910228,0.2623748429169148,0.42975677280916325,0.28189013476585645,2.894942674063919
-0.6475720929934881,-0.9691028850111234,-0.13715313917998606,-0.7499309773490819,0.24374980458558826,0.19109986678895874,0.8606504771245116,1.1865357188421797,0.8103913447531348,0.5715307920176353,1.73784484594713,1.1557357923278815,0.8828464802167385,6.3448849741046995
0.06249661864800782,-0.1606300071727924,0.49541765180384134,-0.37084796454525426,0.503377773935296,0.7196640818006768,0.7946626344572292,0.7997369733215923,0.5812602189739352,0.47312662582080023,0.7769166214368788,0.36603595395505284,0.29126902358247525,3.288345417090735
-0.746563381423778,-0.42191701197324716,0.4888140414212092,0.4036253363896072,0.4332492003919477,0.2477321914511027,0.3109195781809826,0.8327912710638403,1.39682755740083,0.07464636945053083,0.2572308426741756,0.44017872015985104,0.6098642961566109,3.611539056905839
0.24343334615729084,-0.6772363944183475,0.8138325426364617,0.8268383484764696,0.9265627398333041,0.2171528986302611,0.5727570470802743,2.086851086226298,0.9011345358697587,1.1706697405756383,0.512721453396006,0.2583128212967596,1.377995365311903,6.307685002676363
-0.7242556874714796,0.17464543874850125,-0.5960766589208053,-0.7811843469013608,0.7073521506740983,0.4950649498219507,0.45426041346961565,1.2551017485289973,0.44065276731121866,0.6489011262199809,0.9618462914630497,0.7835590639080439,0.677082277276396,4.767143274707686
0.7945866396702999,-0.43799974748647963,-0.3882067635998905,0.480551554252745,0.26933787828158107,0.4188837835280411,0.854710007483539,0.9169000076809843,1.3750140249712883,1.4825863871567795,0.10815268453843596,0.4470863037217391,0.3105170898234495,4.640256497892677
0.21811149480511594,-0.7364071223328281,0.849818281953902,0.03776727980511585,0.38201961218506364,0.07713403573007338,0.46296284866012327,2.210766137322268,0.6468136990708324,1.204518617137944,1.4208309548707938,0.2224669070236318,0.6635795153246168,6.368975830750087
-0.518898689087331,-0.2844205276991447,-0.8688312900750748,0.8226537665524887,0.9016366001611423,0.6262828670693592,0.9589689406992263,0.6947081038411527,0.6789941076087391,0.015521838611813665,0.21663457176017475,0.8438601069195956,0.5755403125478072,3.0252590412892832
-0.46776153742940685,0.010933614931730062,0.06133088486397109,-0.16975560696854597,0.18963650510565855,0.44212909416577173,0.4897863743424442,0.2984917380581935,0.5969946650807963,0.2286951523611369,0.1625834694750136,0.28427803864694445,0.1704261752470709,1.7414692388691557
0.43546361508584197,0.5399549403350552,0.8308269898239211,-0.03998253777081873,0.8462072423511829,0.8769102390960553,0.5046124936674262,0.7750816643815167,0.41135638984640666,0.14550867475078677,0.19030108445564142,0.5086038570317869,0.4885916754899476,2.519443345956086
-0.4593523703603297,0.9401125139515356,0.32042744155990355,-0.18618078084394662,0.7928463657777299,0.40287455028445307,0.7871161004796426,1.507440017337872,0.8542521242578119,1.1494648843118653,0.6512579878029636,0.8493612575717969,0.4874186284678863,5.499194899750196
0.6242787967318981,-0.13952926582205216,-0.6575834457170968,-0.0932965990724226,0.03446216722563422,0.160182740160158,0.15281791698714087,1.0115816238296615,1.319180882077964,1.0138080625539503,0.6652418529756448,0.8301935782609937,0.18504873447006442,5.025054734168278
0.46100443887712994,0.6088986434165895,-0.6802267700197084,0.6089751580474481,0.3308916607861133,0.8746343335417175,0.20316271523872553,1.4848522443893457,1.3848212721158175,0.10210579546054044,0.7551653428125922,0.3018303460416839,1.023164315528097,5.0519393163480775
0.15551080113579108,0.4498688472283947,0.37340764448844666,-0.6700549486136871,0.04709846161449449,0.6672620158378955,0.26366316833868564,0.43061289808906955,0.4859188227981304,0.04435804609260363,0.3596193703477025,0.1542166033078436,0.8380394151859748,2.3127651558213245
-0.7524135817758142,-0.06067145555478737,0.09438947465059555,0.3279293669625427,0.25301248224119277,0.4971730717979973,0.7741409317687314,0.45239482887206645,0.9779748032114268,0.4417421262210268,0.2583485384829399,0.4099248099837153,0.33365611377864607,2.8740412205498216
-0.8271586823801169,0.38304704891658603,-0.1200782189273275,0.5964096470296028,0.9284781608889621,0.6442210874751014,0.4491433612909028,1.1848375432755822,0.9456443222646305,0.960205731296703,0.9650379172854295,0.676548171179317,0.6424052544288753,5.374678939730538
-0.9424311881942269,-0.9229289496105806,0.5755141465644482,-0.7575295738531729,0.6775461521634909,0.582708271415139,0.8184715876072676,1.6732777668053218,1.8209571642999443,0.2304977614163537,2.0116750563595587,0.8186303971432458,0.226370907078417,6.781409053102842
-0.36764463055728847,0.7566371673772627,-0.9675994171837965,0.8281007073217137,0.9418143450547241,0.3477096162585088,0.935215128200519,2.437704917003787,0.9311950695551936,0.8742817979345512,0.6484892425645538,0.394784565085178,1.5602223894955518,6.846677981638816
-0.6226487415470761,0.8317717156736737,-0.8305663481415697,0.5422813743774788,0.6840151853374543,0.5658186156427443,0.9532486202958861,2.5559026355603534,0.42483015634548515,1.2044204572207498,0.6842126313859294,0.312529738305642,1.2331229707520102,6.41501858957017
-0.8402769023036352,0.8746608773358,0.21510956116674773,0.06308712808752404,0.9697160040219369,0.3975535875581838,0.7492639793631435,1.6919523814559299,1.0806213147053925,1.4649377796394352,0.8914758821179732,1.0796897673208699,0.12506078940590246,6.3337379146455035
0.28863990004128204,0.25426132334400453,0.24767145283410064,0.3007185300166493,0.9616231673204604,0.14506783071658658,0.9435349385540257,0.179629899816661,0.1612558592138411,0.2843785766972775,0.4936387048116997,0.1509098205305449,0.23774525866451865,1.5075581197345427
0.24930724281807248,0.0456304344983689,-0.5561094799498014,-0.05146649511085721,0.7941926769265066,0.5490742983805812,0.959132162189481,0.667073971009327,0.8260033208122168,0.4536768083197036,0.3150938143025269,0.6351326668604688,0.026090977912085807,2.923071559216329
0.6157630447880706,-0.37112758567006265,-0.6501374944009835,-0.7681873412003606,0.7729288996824442,0.6483614908815754,0.2621153075827308,1.0693572924960375,1.5731754756691982,1.2368906304581333,1.561993688496412,0.5868914311249561,1.0094712998509814,7.037779818095718
0.15306895325589465,0.25509417801197487,-0.6955704064364554,-0.5101784815548152,0.07186103706142999,0.4883661597110116,0.847777846956407,1.0526960324288654,1.052710752314276,0.14797477524391978,0.738902493853016,0.5170107050524279,0.3327425204754523,3.842037279367957
-0.561968138972476,0.2884007260426915,-0.08155712942549198,-0.700695865757005,0.44995261189927105,0.08985290146447966,0.7942743128064457,0.8528224331843055,0.760689355849786,0.6003688650151675,0.41894670507444,0.48782766610343753,0.6771747304167354,3.7978297556438716
0.3921271781783995,0.6788460325923538,0.08927960280764702,-0.3414835455548453,0.0937616326602213,0.36706076450245917,0.46631561138167177,0.8686950635101547,0.4394409935926906,0.03671885441395428,0.32939163956001727,0.7856300188739065,0.4020906497122376,2.861967219662961
0.3313163092792768,-0.5301416222041766,0.4793387015786046,0.5714844858747539,0.3414502388089189,0.7420154313797039,0.11189566433845277,1.546237613965343,0.37661618664922936,1.1114579314834534,0.18842272716048525,0.2164610752652104,0.825601882714879,4.2647974172386
0.5219708662846883,-0.17538635032303995,-0.6127395334842682,0.4414425088309144,0.004002982579777492,0.26771360538838773,0.8318482424882185,0.9263408717235244,1.3112874033013222,0.9473572166077282,0.10939357738664424,0.6983386163035724,0.3339763583544665,4.326694043677258
-0.013031930626213217,-0.8495855279993014,0.5014480847871059,-0.6171208520020657,0.01636759821817313,0.976635208887897,0.28616112320901677,1.9392275170728117,0.7613283562141454,1.0865535973730882,1.7181565617380237,0.35465340852530214,0.19109781612397386,6.051017257047345
0.02539358218087928,0.10830053980755294,-0.0686245373157719,-0.25653431029506435,0.39247320950630804,0.3504327884373827,0.036915423025801086,0.24003866389817224,0.19663184361467692,0.16709304237332634,0.15294309760931518,0.05237279358222069,0.2491022358597227,1.058181676937434
-0.7841430310029582,-0.19938719213193323,-0.7290683505964255,0.8672954635939685,0.7759724278779929,0.9379303264206099,0.2233853059980544,0.7821816394736181,0.40199286584412014,0.334755838871025,0.13636761162064281,0.9217526739659714,0.7219285722962874,3.298979202071665
0.15118835541404718,-0.43714724474363487,0.009495574344497104,0.9434988494091217,0.9187630092033524,0.16462430899570968,0.14755980605208963,0.8282400681157,0.5190923208331988,0.838335600157682,0.5062614387333549,0.5032458481061614,0.9476498135710769,4.142825089517174
-0.8370574106406823,-0.11962119598243492,-0.8654560876042399,-0.7372435198200098,0.26933753309941455,0.603933875127088,0.4604116327118315,1.0806287597544415,0.32329608489156153,0.46743621465824736,1.6058789553736825,1.1643635969421462,0.840770412089508,5.482374023709587
0.2342677306854819,0.1453734943980134,0.6253523601457631,0.3556187800891033,0.0078040467329603125,0.5115832008920865,0.40876303969246996,0.5518305431224262,0.5333321414959226,0.3388942362874685,0.10992670014724049,0.5971127310904907,0.26470912226466875,2.3958054744082173
0.9243741739033571,0.013846764008574874,0.2972263372616366,0.9239129975135592,0.2409986719841719,0.22160852371494388,0.4747729639753757,0.7358739253987379,0.9967130356471441,1.1605274098947822,0.8494162659601658,0.7455666602047403,0.9197973745643642,5.4078946716699345
-0.036810524644270926,-0.1832297996989498,0.8604021412921972,0.26329209729562186,0.7147124270792974,0.14995383824966313,0.18479828497744655,1.1534875384582763,1.002529504854717,0.3964192750546789,0.660229547143526,0.6955776039153828,0.4209434093051386,4.329186878731719
-0.905354946595671,0.6102664536828495,-0.16912080415968545,0.6320134755076985,0.4282519231862919,0.34636637878444976,0.028303905633525916,1.6592512487183648,0.9890395326390649,1.2656214002785204,1.2136780827909293,0.8938231228209995,0.7352222289062215,6.7566356161541
-0.3189924502196657,-0.6352791040684347,0.07736572359887672,0.08684595682314589,0.1267370727574334,0.07741469910957222,0.9986509663096304,0.9978439754053827,0.43109655654780077,0.566286653848769,0.5544186024332666,0.7174096055793908,0.13599478439664645,3.4030501782112568
0.6677791331632135,0.13226074099924157,-0.7939424407568636,0.21120250146740815,0.10707368993801536,0.29870424251946937,0.17630894058789714,1.0881537850386978,1.5462025745070402,0.7855183921639719,0.28688135676831616,0.9955712663392288,0.3162099169926574,5.0185372918099125
-0.008675696714602887,-0.7918394336296954,-0.435755529541479,-0.45628931495159164,0.024286512940585148,0.05774446782482834,0.08211493335212927,0.9060336592717018,0.6095955588075128,1.0331637369150926,1.4380116301072619,0.3604217524455179,0.8013377266647244,5.148564064211811
-0.600909128534242,-0.9930594291182671,-0.8740604085121289,0.6622588267712981,0.4356899929072592,0.1944684309190703,0.7264848944585135,0.8715236729804879,0.538054810686406,0.642150300584025,1.0947822000753584,0.41945358487325923,0.20573510352063584,3.7716996727201724
0.48514279245304137,-0.5717109848191027,-0.6777424053388228,0.06853214168300603,0.6047362103792732,0.8298193974872126,0.44386584512162963,1.0918270970110742,1.1902980544650665,1.306853777272144,0.9625136111305497,0.34860281674624083,0.3189406363269198,5.219035992951995
-0.34960172340753526,0.4575207798659693,-0.9449881933221731,0.7618518595137067,0.49745762611993294,0.7539704198349945,0.3277734582127563,1.8975743807980887,0.9001272137201206,0.5571225032735045,0.32636995386137124,0.6622682751599714,1.1942035946866008,5.5376659214996575
-0.45919710792135704,-0.5294920508016887,-0.6965345436532608,-0.6569155525000792,0.9856094898773173,0.23512962139240934,0.47046776352344477,0.6257836049330889,0.5001036567319355,0.32029494288033167,1.671567973804024,0.39664104681225065,1.0257250564732625,4.5401162816348934
-0.4114069998040515,-0.4236549388023034,0.062466625104615536,-0.3525925442600746,0.6280112069410156,0.4765489471849145,0.8700600052553987,0.5769765211665057,0.6149106426126969,0.26224793899825194,0.7801495623143386,0.5668918135997136,0.32612825002419227,3.127304728715699
0.4210864819640563,-0.6443397645793338,-0.7796861716836654,0.22961236565025978,0.8401532619713428,0.3902826999193969,0.8896528758123495,1.1835313420394937,1.2926175999078255,1.3154262465433901,1.0226379252438043,0.3458896480863597,0.2727704386581552,5.432873200479029
-0.9891497186826501,0.0266747310057589,-0.48562090571201444,0.10804503310021385,0.7139698368538697,0.8279531723327797,0.9342611560048079,1.0255428077631297,0.5467468262107212,0.765824449688409,0.10110789995858446,0.9535210340475806,0.12099884013085484,3.5137418577992796
0.7299866206884535,-0.9660756470479479,0.16639718911251844,-0.36212098663530967,0.16368044567785667,0.5016119788141447,0.46163378290839363,2.1737190994382565,0.708437826230059,1.9460622677364015,1.3558846582278048,1.1646717682796561,0.20136871449647367,7.550144334408651
-0.42371722127224154,-0.011275202068401935,0.9407306610183774,0.6562360948008268,0.5256209025192426,0.3734142483887729,0.9644454060251172,1.1492067110339776,1.6269423202109496,0.1624420192038396,0.24001328384764853,1.1413140695860964,0.6668430230957503,4.986761426978262
-0.4298084870451817,0.36040428476490427,0.48183498682839,0.9933761093211624,0.7312289651187155,0.47717233946844295,0.2107022748505042,0.8048605157804521,1.3089939176020366,0.540212771810086,1.121615439554152,0.3363349455860766,0.8197207155185694,4.931738305851373
-0.9459285451594113,-0.5242090642317736,-0.5932690497271773,0.5278387008082677,0.326848616045353,0.9514968010189305,0.3659205987455836,0.2775674964170038,0.563794975755541,0.17171948092763767,0.3483385287876939,0.5420242580751093,0.2168416874131105,2.1202864273760964
0.3854173926567468,0.3100639266852565,0.0779992476678728,-0.5634915065730841,0.9425506878959695,0.7715413140071402,0.019431882015472524,0.25640073136868985,0.5328147476181077,0.3253534659714903,0.25951146252458174,0.4247733753457571,0.5876762595834806,2.386530042412107
-0.6737133971154876,-0.33490620004493965,-0.6439369429834441,0.8342794559573956,0.6693818153284674,0.9053719089771961,0.5988256638543366,0.41145310146479047,0.36348823651500184,0.08880719707054796,0.08471846937359273,0.6458874414962482,0.6186209813142554,2.2129754272344364
-0.011242720644998982,0.7420574553044645,0.8478197924165485,0.1084989533698224,0.464467772844272,0.6652843121168229,0.3436132484692259,1.0760583893303872,0.9024620944094764,0.5033001759494635,0.13175800826104755,0.11138369743458343,0.5206320443475609,3.2455944097325187
0.708039695967384,-0.7215305266703165,-0.7157593685480865,0.7188370613601327,0.1375700862150515,0.7987962263224795,0.5497400127041345,1.2862383745328736,1.7113338890595235,1.6795702226377005,0.5150049389745393,0.35979100610592196,0.20239482720241864,5.754333258512977
-0.49820583234342264,-0.8405907370233978,-0.3951343184537748,0.7284694112869494,0.18158721053410842,0.677024132105148,0.9942439559373422,0.7847670183142902,0.3944592784044276,0.5923849046799752,0.26825245535637743,0.6945593347413344,0.3963231633146529,3.1307461548110576
-0.3698600809517891,-0.7648270526409926,-0.8694802789641138,0.17041240453580886,0.15503786800245845,0.20007927759101307,0.29961466242070744,0.9139983542805171,0.5677851598266482,0.6449669716892035,1.350410603612697,0.2895832667990158,0.49458963455378235,4.261333990761864
0.08167955298785867,0.4316321224934856,-0.05093073784444524,0.9046150347731217,0.3517650465033305,0.16267437449827327,0.17093752560451814,0.7438655695894414,0.4944563047415526,0.09995256950562692,1.3336532172092277,0.4215411611429697,0.9265983772490789,4.0200671994378965
-0.27057687198739666,0.8668153972433872,0.20101695592029878,-0.056623149496371594,0.040663152018088566,0.7618042603756155,0.3092533247245194,1.4078576553871578,0.4942430877062441,0.8873922692307838,0.7697844311795523,0.8010868773167867,0.23086774199508184,4.591232062815607
0.6170471809230158,0.3202795847478701,-0.7110621569749407,0.2030450949397571,0.3612642422637705,0.22053041826127517,0.7568997219109012,0.947013860584812,1.4093273758738594,0.5467675961751457,0.017715288605771984,0.6993061626885785,0.43078378730561595,4.050914071233784
-0.2568419976661316,-0.541362466517642,0.14620687905913798,-0.6493726563841049,0.6256594661701608,0.3439376333016778,0.8704642843733199,0.9381020733060635,0.6627979392789116,0.5345204688515104,1.2121115743859603,0.5235765862915698,0.5702217397148034,4.441330381828819
-0.6712829255280122,0.395882150497902,-0.5481798204036672,-0.907425344478723,0.8343890121372259,0.20767715371180395,0.29683917536974347,1.5568209390141066,0.4860732429158342,0.8171650760259141,0.8120443094786178,0.4879391326697713,0.6904107383177656,4.85045343842201
-0.22301187700640446,0.9855605949939148,0.7168853025160076,-0.6816005157002327,0.7936367501428961,0.160179526714748,0.44069280019166635,1.1240594195173843,1.2125373858025053,0.9585724720003193,0.20996445766978566,0.38018123098110945,1.3881344209903017,5.273449386961406
-0.7224379912336101,-0.35411863706934943,0.7321694763422251,-0.4644109835473953,0.2164234313835779,0.1446389516874076,0.2787292087654597,0.9871528808382253,1.6403718609947933,0.11831935416426065,1.3546017627039928,0.7392698348896807,0.20513612648130725,5.044851820072259
0.9417757659562425,-0.36376918944455605,-0.11470759096226768,0.22924771164038393,0.4745448572036195,0.06675727742508053,0.7056890261475017,0.9745879140715988,1.1481824415746638,1.5555449554007985,0.14767930922853906,0.7199494814604096,0.18752062425290214,4.733464725988912
0.14473729407594926,0.9004830600853837,0.22338727112902812,-0.6847077446113734,0.10506119745655051,0.8682334988883611,0.8850963016088195,1.2350652839781495,0.35253307489762825,0.5057457660094344,0.16587344257153636,0.7494644359943302,0.8858641981017639,3.894546201552843
0.6126147006660745,0.5421193672761151,-0.18119369441081745,0.46360552621946294,0.4936066631781364,0.6366698968272835,0.35010131560526025,0.7964892684471758,0.9792506055646771,0.3204953333899594,0.9728937386013373,0.6672330231983349,0.561834137187877,4.298196106389361
0.6572243183565287,0.8509098581135686,0.2522785793235691,0.10617556688552066,0.953282621432836,0.233023711211512,0.7175847002013157,0.865656020291233,0.44741596578716786,0.05631446024296016,0.8934409434135708,0.9272434379682638,0.10849076325179019,3.2985615909549857
-0.6377371263517881,0.7655658597419588,0.011156068680747033,0.11010379917122615,0.4243752248666851,0.28752545922016415,0.5237445200895613,1.609174456056477,0.6929347147010256,1.153302986093747,0.8755452010447754,1.0732783542371058,0.1015630938603097,5.5057988059934395
-0.8795923214942625,0.7879806495179686,0.6816832282625129,-0.46676754922631614,0.525916574403078,0.9367241894835907,0.49602577777071977,1.3578735838650347,1.747982569447302,1.4175729710122311,0.14347892340274881,0.546093582002587,1.0039207421981167,6.216922371928021
-0.4037410119179099,-0.7636379345342559,0.9854653864756295,0.39631227885488407,0.48149497257634033,0.31227224958228905,0.5312320414441757,2.0817793692249094,1.547731309935493,0.609896922616346,1.3384676836209337,0.4236979579003286,1.1488510311381361,7.150424274436147
0.3571895149191582,0.26591581885816185,0.19646935184394332,-0.19559877580261475,0.34797064898728036,0.8883263052739181,0.4075586437256753,0.0976493400418128,0.23895967339626079,0.34127369606099633,0.0317168368415679,0.24804122447379762,0.24784308437872926,1.2054838551931648
0.5298185946444753,0.1570664708394205,0.2791414898138036,-0.07193375653359135,0.9817115160373905,0.7067682780827534,0.7413707714941944,0.27703778670902646,0.27945060744410827,0.6227521238050548,0.007212742970359315,0.3869843162966208,0.11577752520350353,1.6892151024286732
-0.9435641871979719,0.14660948473433733,0.4757666812232282,0.5906341692643915,0.8195380119132832,0.6140631512535131,0.3501017048090149,0.9915316202425153,1.6555845361269568,0.8401736719323092,0.510889719036564,0.8009392900878768,0.5208822612764883,5.320001098702711
0.5170372005836228,0.3894282870957071,-0.8518585209761453,0.36678533371057154,0.3236941429371937,0.24402823679641972,0.9068263978309318,1.255368008747036,1.5156098550439967,0.3776089134879157,0.030550681046612738,0.7209488341722496,0.6985231383821943,4.598609430880005
0.7332761030481398,-0.5779645327979652,-0.03671893670016546,0.4250628557787033,0.9926782595794321,0.6557527632990457,0.3736918222524842,1.3124588205804453,0.9400201820597867,1.561240635846105,0.1542499573316527,0.9078836476218697,0.4038406126839541,5.279693856123814
-0.43959983886595544,0.7291032154846586,-0.12807420460927466,-0.975249666130289,0.7981110035793203,0.7757278768927441,0.17930451490996657,1.587349590366172,0.7016255007087964,0.9187030543506141,0.26254945253192874,0.8208289303083617,0.8818703517290267,5.1729268799948995
0.3918217850343939,0.3116229397399586,-0.6137588971211347,-0.5942317898883256,0.7574151963781472,0.4669964980803145,0.8553726733659165,0.9476070021618673,1.2432733981108588,0.33019884529443533,0.6593088339437186,0.4980468498983731,0.4029704380758828,4.081405367485136
0.6075755776696621,-0.488640780471407,-0.2250218387986862,-0.9639694164758625,0.3171214058244156,0.6355298778199894,0.8868916412633242,0.9094552768375368,1.2181851830586934,1.346216358141069,1.5032450248836113,0.5674067305075519,1.0739242634095638,6.618432836838027
0.6490603330290459,0.9349405033052265,0.8309204056965238,0.67942681007624,0.28407811217707,0.28297926835353293,0.7822207066619962,0.7868723901735689,0.45363079669797396,0.03588017027618062,0.9239385927785907,0.4285502641232256,0.09743433223225095,2.7263065462817906
0.009001395764976827,0.7501852197575678,-0.7811645180538807,0.26341209992997205,0.9390757106066349,0.35605701046808125,0.20750250751831922,2.0519786937592572,0.8955307537908463,0.491183823992591,0.4033793154211882,0.035479996178801265,0.849430175573037,4.726982758715721
0.05022319144559728,0.07931276678135823,-0.8578818101409234,0.7842125849554955,0.5390857221364724,0.9761222201190235,0.914087478528296,0.9676019179464337,1.2217900355687188,0.22091042466423905,0.1275641515661865,0.8036806390823638,0.852253564889172,4.193800733717114
0.7090717358125702,0.3070784315875632,-0.36123189970077285,0.9265109975968739,0.4599673430489263,0.5310303472799913,0.6848618325905715,0.623644238130789,1.4409080345520926,0.651993304225007,1.103100943823008,0.40868933601949475,1.0374375227963832,5.265773379546774
0.23956488599552372,-0.18230338123247347,-0.9500520745461865,0.029081610051383322,0.528676759493355,0.3045205480197438,0.24078340541170273,1.1245255319136904,1.2012496045622636,0.6718682672279972,1.0558207155306027,0.8875311363114748,0.1441160954853124,5.085111351031341
-0.9286222898271954,0.4155663839400292,-0.10122826867891521,0.929808300381215,0.8830901983123755,0.6839102659263079,0.28457112264582085,1.2720022662905626,1.1993173413007663,1.0941886737672246,1.3351275219415135,0.7786492601747117,0.9718753659486215,6.6511604294234
-0.8084736548510931,-0.3765225654438089,-0.5822414749052973,0.6031481536484802,0.2592852888844329,0.4141962660275613,0.7678325151800133,0.3463899410763688,0.4674914414051879,0.18195108940728422,0.11237954689522467,0.609955736887035,0.3839210998093505,2.102088855480451
-0.765991480831121,-0.5890004044234527,0.2954574151808804,-0.6607116354786533,0.04517877853794661,0.3394416794260767,0.763455191395467,0.9137623622851895,1.3257335502034628,0.07300892359233169,1.337007124087473,0.6765387296581328,0.48668709844720676,4.812737788273797
0.9843215974214894,0.38294495760655245,0.7130424957982016,-0.08071892328858943,0.9207365572708791,0.24687516262931752,0.12735321799353505,0.5541968665778071,0.3035666709387236,0.8513766398149369,0.20620356649616522,0.8222583369023938,0.3537749516137021,3.0913770323437286
-0.8089483887728173,0.5703795413155819,-0.10837060326520698,0.27887763745189287,0.9784659494081096,0.0047355407796584315,0.6875068878924533,1.4824900178881046,0.8121288404883674,1.1293279300883992,0.8375129911154099,0.8664831324367835,0.3406900124343945,5.468632924451459
0.22162552424204596,-0.5165332302861165,0.889192070901677,-0.3461065805722232,0.14862510327847012,0.5175633114569267,0.9725158102055006,1.878111324509098,0.8060091788885203,0.9881587545281625,1.6533023498127526,0.4834716027365834,0.11319067215542156,5.9222438826305375
0.6620043475931647,-0.09827365931028953,-0.007066568632158932,-0.5335102181105376,0.7977601127226638,0.4859030523763438,0.36332847342425,0.49100082599191563,0.8824750034695387,1.0102780069034543,0.6318338138130601,0.42220926447471296,0.5342046756687872,3.9720015903214683
-0.3110323189693558,-0.23109311007008881,-0.9940661137030644,-0.26652885383758496,0.5271873080405605,0.6446550182320049,0.6786985572221476,0.9078778872394132,0.7896453362687426,0.17006079110073302,1.4857894023203875,0.9184891631176535,0.49625068366851266,4.768113263715443
-0.0032380142424468517,0.8519840169819652,-0.6675821517431901,0.47498626145836065,0.7747286196181411,0.9816957686605009,0.014930952417512078,2.1175739877337545,0.8543386420840875,0.6052220312244121,0.8813043491142581,0.18602087235999853,1.0437555847659876,5.6882154672824985
-0.8864020853910513,-0.29158948861598355,0.41854348086872095,0.4135372959435921,0.08230056874682468,0.7723828232917586,0.1415771377054158,0.7742676769794515,1.4703604846372091,0.3448125967750677,0.05323083805009682,0.570155034948263,0.5355801754936562,3.748406806883745
0.4023534761885281,0.6810026367515207,-0.9103561802599638,-0.3398309251615006,0.11641180074889979,0.3896819160999401,0.543983424830642,1.8668839246432851,1.4486420265130922,0.028649160562992604,0.4875766633474915,0.4305302816027071,0.28012403397857744,4.542406090648146
-0.7596080933976954,0.9401975941230496,-0.9006244956699427,-0.6576155740785286,0.4411910312094076,0.7362855792282581,0.34869154594243157,2.8787644523779745,0.40406263190365876,1.449805687520745,0.5285424621562177,0.41937714515195457,0.1891494099586365,5.869701789069187
0.12211690366167915,0.13966291203447678,-0.844182764193848,0.016044445980931465,0.5250559779760133,0.26875056526434093,0.12265338375684176,1.020551262821619,0.9727174462478997,0.23245399162720237,0.5569371813465577,0.7655783039902108,0.1339454691175583,3.6821836551510483
-0.959861267871462,0.7065044223386552,-0.11878836055574071,0.9985293928025685,0.3481633367723448,0.556864987860774,0.34534094683548944,1.7997765124671854,1.2404846644367487,1.4163656902101172,1.690923140537703,1.0676466957186455,1.082453894857558,8.297650598227957
-0.29342386351513117,-0.44359913346830804,0.07477801909774984,0.9183593461719257,0.01960762805673244,0.7715837942399024,0.9459151431757771,0.6821846142363079,0.7355456210816513,0.40017526995317687,0.46916846056343425,0.5155330461281238,0.9515308106461642,3.7541378226088584
0.017861499035986217,-0.3142161893180211,0.5617437966536589,-0.8309934049481924,0.5663405191040704,0.3910510610346889,0.36170973875792956,1.104842068012288,0.8762796595969498,0.5820776883540073,1.4607656873450807,0.25645835685363094,0.6544844097906424,4.9349078699526
0.27449824045994387,0.3857716799596089,-0.8670485777486288,0.5542278681366946,0.11479674254984584,0.5057973835876584,0.3422830604621625,1.3856113134499919,1.3632379654632505,0.13872656050033494,0.18822631192038353,0.6185260180189918,0.8887106545813727,4.583038823934325
0.6020778432971348,-0.8793165111729948,0.666397866476294,0.2643601429662401,0.5168807040105864,0.704249079551258,0.3172978232230562,2.4622748571189526,0.17006408036565523,1.7313943544701296,1.0590424846509112,0.5139575663452682,0.8503347899693021,6.7870681329202185
-0.8515042688136465,-0.9391914512672979,0.46702788150620145,-0.7112007750854246,0.40829345607831424,0.47842764166518525,0.3899837627260663,1.6379012142537848,1.6030124603540177,0.33768718245365137,1.8685072684568929,0.8979157041679197,0.2725721812713236,6.617596010957589
0.8588268039489544,-0.5920868381059894,0.18794891433395056,0.7554889332798398,0.6092237057631359,0.26176769171182457,0.1563496910858928,1.6239099410886098,0.9730734629269397,1.7009136420549438,0.12807730077453972,0.833551325746516,0.8667710116932821,6.126296684284831
0.6089663419433333,-0.7783180336878659,0.6831805226615479,-0.5290537764428505,0.5457407974679654,0.07279565348082917,0.9491185742314274,2.3108043509025866,0.2858356912953548,1.6372843756311992,1.7741074366748222,0.3996206819979846,0.002677944608934002,6.410330481110881
0.9054408765289277,-0.29337407845116714,-0.6558986359303358,0.39407261455806153,0.9092742110674518,0.9956349050395609,0.6518858477114056,1.1966312977301499,1.718968558282488,1.4488149549800948,0.32950448450838077,0.8152449957436325,0.20164895668462168,5.710813247929368
0.5830048749604084,-0.10374928996929089,-0.9983480169096359,-0.6886169468542365,0.3409586549750595,0.9427025673352328,0.8909852812378789,1.3209752413806273,1.856799670611739,0.9367541649296993,1.78906499969093,1.1861011644205492,0.7921948447508608,7.881890085784406
-0.3760802539297248,0.38737570627718876,-0.6619360404976846,0.8240168040549869,0.12128663532039585,0.3295257916535277,0.9814786435189853,1.508514868133768,0.6154625081899546,0.5134559602069135,0.7732331886224233,0.46260046118535825,1.0804347452531033,4.95370173159152
0.8626414583349207,-0.9890937641789146,0.8438291036702776,0.6814980033314444,0.05143219297364621,0.8797938997532715,0.516462268505993,2.9566092319418926,0.2914115559972208,2.1017352225138355,1.0196433170484545,0.5765853896760973,1.5161241078043988,8.4621088249819
0.05175242582870454,0.19982064684483003,-0.5281869776526993,0.20714154487686098,0.04604005337464867,0.7819852628856478,0.6455408296708463,0.842005864374558,0.6627960214321482,0.10193177898387451,0.12798070835979797,0.3542425437222215,0.3126842084064391,2.4016411252790393
-0.1592477530660248,0.5336147891363481,-0.3525757422459448,0.4297623131455772,0.19465236605494018,0.6365593193342058,0.48565100332938593,1.339344760310749,0.36523291443815087,0.44286254220237287,0.8390674482616465,0.2606629234234157,0.6179019434987385,3.8650725321350734
0.6430573072214403,-0.06955506067773953,-0.6276663689009512,-0.3911419296590457,0.8370033949634306,0.9795508650029539,0.322717894179675,0.9700615407149932,1.4271804479860097,0.9626123678991798,0.8546620609860902,0.8796399618339318,0.43479930203332784,5.5289556814535326
0.6429453764887276,-0.410920665318977,0.9867995042615056,0.10749627337321477,0.2485194086490351,0.5610205544101774,0.8639581699891294,2.0068373235481305,0.3868526371220639,1.3038660418077046,1.2771976535565155,0.8973515271868925,0.5129925822007892,6.385097765422096
-0.0037172173097732575,-0.3229120435650734,0.09919570364555086,-0.5379289351690635,0.3508685571566744,0.8491848361789279,0.011403160395567102,0.646287569051289,0.31808449502294955,0.5691948262553002,0.8706807663558729,0.22557494857440918,0.5058974477920033,3.1357200530518243
-0.8099320754885146,-0.30838465357918743,-0.04548216119403903,0.32733919169050707,0.5176999528890575,0.22980118121534698,0.3626259761996712,0.26696848047646204,0.8953855909706785,0.2515474219093272,0.0168859111244391,0.6678685301294057,0.3133131911666506,2.411969125776963
-0.9379271014346122,-0.21579115602746168,-0.6191752361878029,0.9815628148545239,0.8437331697021214,0.7776472795602972,0.6540967106954848,0.7212938216584242,0.711376991188619,0.47213594540715054,0.3823936857188407,0.8723476308776473,0.8479502748539813,4.0074983497046635
-0.25666012007847394,-0.48737682315129716,-0.4239347847493764,0.8919635766301066,0.15379309337886182,0.5006179040226421,0.5579172673880536,0.4418177716555286,0.5240600953229451,0.4807167030728232,0.22486605175830932,0.19177209844115772,0.6853475880156266,2.5485803082663905
0.5091122916498141,0.2861862331672216,-0.31916062816374646,-0.2910800654006336,0.35467492822862234,0.9430026113487692,0.4582288969311996,0.5511210787231161,0.9447049459738139,0.4729260584825925,0.10675733880328925,0.2875305408214319,0.19974068745116674,2.5627806502554105
0.11692720048113991,-0.46531743607033604,0.250172824142733,0.7784038093910695,0.06545861533112807,0.39971660324615343,0.6168173637220139,1.0996760657028744,0.4446071474180209,0.832244636551476,0.25049993138118265,0.273608212168173,0.894813586495641,3.7954495797173675
0.28925049466856056,-0.15609220152898895,-0.4026380690032514,-0.1451941527194296,0.02851010216828076,0.3833695677564264,0.5523506171570941,0.5940909767962284,0.7499662247595837,0.6953426961975495,0.4634037688590856,0.3911711148085427,0.20804281532952806,3.1020175967505184
