iter,C0,C1,C2,C3,estabilidad
0,-0.25244541479452703,-0.10396120885239805,0.06972420330616073,0.1564236435090634,0.9349037869096346
1,-0.1785877817264266,-0.029250930172639692,0.022005857990503887,0.08072897679876281,0.9725050232571494
2,-0.12633858217597238,-0.00823015551097939,0.006945332652591749,0.04166357175152726,0.9875265681843733
3,-0.08937586430568797,-0.002315668573106158,0.0021920365784407485,0.021502232282984448,0.9940455247859773
4,-0.06322728166493506,-0.0006515455185892827,0.0006918350209516834,0.011097128107708873,0.9970628315934255
5,-0.04472895650064909,-0.00018332138187821594,0.000218352057133865,0.005727138030052476,0.9985223851470173
6,-0.03164266273915278,-5.158001719742237e-05,6.89147259255619e-05,0.002955729599308493,0.9992481725958735
7,-0.022385009254781922,-1.4512754305189612e-05,2.1750376487104493e-05,0.0015254281315354111,0.9996150147785399
8,-0.015835855644242433,-4.083365011621691e-06,6.864699394462994e-06,0.000787261116518917,0.9998021638796174
9,-0.011202779553540461,-1.1489114655633499e-06,2.166587682023796e-06,0.0004062990925431378,0.9998981379989978
10,-0.007925196626230554,-3.2326219966769345e-07,6.838030209572565e-07,0.00020968767431486706,0.9999474972658714
11,-0.0056065319561310525,-9.095431011540703e-08,2.1581705432456832e-07,0.00010821811214089648,0.9999729227333872
12,-0.003966236051618217,-2.559125854205588e-08,6.81146463379622e-08,5.585049208831494e-05,0.9999860309791633
13,-0.0028058394280537926,-7.2004560634384976e-09,2.149786104840511e-08,2.882398708310243e-05,0.9999927922031152
14,-0.001984938564816174,-2.025948330610829e-09,6.785002264615152e-09,1.487582652007968e-05,0.9999962805368829
15,-0.0014042076202583598,-5.700287040352778e-10,2.141434239768151e-09,7.677293707407797e-06,0.999998080534066
16,-0.0009933803875558512,-1.603854938028801e-10,6.758642701074329e-10,3.96218916577468e-06,0.9999990094126122
17,-0.000702748354405776,-4.512668649893412e-11,2.1331148214820223e-10,2.044853770572095e-06,0.9999994887752757
18,-0.0004971461645574917,-1.2697020073872257e-11,6.732385543776416e-11,1.0553324861775925e-06,0.9999997361637042
19,-0.0003516967451929664,-3.572482964379024e-12,2.1248277239271745e-11,5.446485574712698e-07,0.9999998638369675
20,-0.0002488012769633312,-1.0051677052193612e-12,6.7062303948757304e-12,2.8108871378533097e-07,0.9999999297275702
21,-0.0001760098046532113,-2.8281789603763154e-13,2.1165728215383777e-12,1.4506761090918621e-07,0.9999999637330266
22,-0.0001245148405674277,-7.957474350182884e-14,6.680176858072208e-13,7.48682202550862e-08,0.999999981282925
23,-8.808569245377585e-05,-2.2389459408676532e-14,2.10834998923822e-13,3.863888271843839e-08,0.9999999903402738
24,-6.23145737464078e-05,-6.299585403014879e-15,6.654224538605402e-14,1.9941214745622485e-08,0.9999999950146947
25,-4.408327837388812e-05,-1.7724758568533904e-15,2.1001591024352114e-14,1.0291499586795064e-08,0.9999999974271246
26,-3.118588983851852e-05,-4.98710702711421e-16,6.628373043248499e-15,5.3113596687109306e-09,0.9999999986721599
27,-2.2061873819173338e-05,-1.4031918349536732e-16,2.092000037021897e-15,2.7411497510630806e-09,0.9999999993147125
28,-1.560725953094202e-05,-3.9480751364985003e-17,6.602621980302361e-16,1.4146852080113068e-09,0.9999999996463287
29,-1.1041063513584528e-05,-1.1108457799679452e-17,2.083872669372977e-16,7.301075897038574e-10,0.9999999998174731
30,-7.810793641851461e-06,-3.1255189027810467e-18,6.576970959589594e-17,3.768026197803546e-10,0.9999999999057994
31,-5.525599706996028e-06,-8.794081579824277e-19,2.0757768763434315e-17,1.944647833765538e-10,0.9999999999513838
32,-3.908982047401429e-06,-2.4743370057302223e-19,6.55141959244863e-18,1.0036170129532003e-10,0.9999999999749096
33,-2.7653361548358814e-06,-6.96189086074903e-20,2.0677125352666564e-18,5.179586201675968e-11,0.999999999987051
34,-1.956285282590654e-06,-1.958824697069795e-20,6.525967491727843e-19,2.6731425308991954e-11,0.9999999999933171
35,-1.3839373922726312e-06,-5.511425373648779e-21,2.0596795239526047e-19,1.3795872319279117e-11,0.999999999996551
36,-9.790405943217113e-07,-1.5507160847389124e-21,6.500614271779684e-20,7.119938082232735e-12,0.99999999999822
37,-6.926039361909113e-07,-4.363155104966907e-22,2.0516777206859345e-20,3.674542437159702e-12,0.9999999999990814
38,-4.899696858427866e-07,-1.2276342947202993e-22,6.4753595484548296e-21,1.896401621269914e-12,0.9999999999995259
39,-3.4661987970381e-07,-3.454119611420134e-23,2.0437070042241647e-21,9.787175330420208e-13,0.9999999999997553
40,-2.452097435359174e-07,-9.718645317509225e-24,6.450202939096372e-22,5.051082000459455e-13,0.9999999999998738
41,-1.7346904158044883e-07,-2.7344758558812838e-24,2.035767253795838e-22,2.606822552372737e-13,0.9999999999999348
42,-1.2271742530668155e-07,-7.693827649956917e-25,6.425144062534012e-23,1.3453600276022005e-13,0.9999999999999664
43,-8.681414468366028e-08,-2.1647652796028745e-25,2.0278583490986925e-23,6.943294250014573e-14,0.9999999999999827
44,-6.141504108581679e-08,-6.09086780856126e-26,6.4001825390782915e-24,3.583377984568759e-14,0.999999999999991
45,-4.344692083665111e-08,-1.7137502624845122e-26,2.0199801702978357e-24,1.8493523848949815e-14,0.9999999999999953
46,-3.073571061441754e-08,-4.821874410141692e-27,6.375317990514832e-25,9.544358028220536e-15,0.9999999999999977
47,-2.174340295656348e-08,-1.3567013430225172e-27,2.0121325980239315e-25,4.925765955417456e-15,0.9999999999999988
48,-1.5381963282466727e-08,-3.817267679738291e-28,6.350550040098611e-26,2.5421479554527254e-15,0.9999999999999993
49,-1.088168190121008e-08,-1.0740412850415165e-28,2.004315513371391e-26,1.3119819914108723e-15,0.9999999999999997
50,-7.698042104553382e-09,-3.02196434401666e-29,6.325878312548251e-27,6.771032905832172e-16,0.9999999999999998
51,-5.445835743175581e-09,-8.502716444605794e-30,1.9965287978965703e-27,3.49447529859457e-16,0.9999999999999999
52,-3.852554524754623e-09,-2.392357377760352e-30,6.301302434040332e-28,1.8034704279711093e-16,1.0
53,-2.7254175605290173e-09,-6.731229790163533e-31,1.9887723336159758e-28,9.307564960823757e-17,1.0
54,-1.9280456205128045e-09,-1.8939250008877125e-31,6.27682203220373e-29,4.8035589692154315e-17,1.0
55,-1.3639597721154504e-09,-5.328821063617824e-32,1.9810460030044774e-29,2.4790779186447776e-17,1.0
56,-9.649078010168776e-10,-1.4993378256661264e-32,6.252436736113972e-30,1.2794320557109607e-17,1.0
57,-6.826059562000184e-10,-4.218595236423672e-33,1.9733496889935264e-30,6.603045321284755e-18,1.0
58,-4.828968021076153e-10,-1.1869603677123159e-33,6.2281461762876185e-31,3.4077782653892105e-18,1.0
59,-3.4161630054313777e-10,-3.3396778680149805e-34,1.965683274969383e-31,1.758726790595398e-18,1.0
60,-2.4167005514932367e-10,-9.396647576031243e-35,6.203949984676664e-32,9.076646668514144e-19,1.0
61,-1.7096495531103058e-10,-2.643877318641373e-35,1.958046644771349e-32,4.684383906903368e-19,1.0
62,-1.209459563636984e-10,-7.438916080939816e-36,6.179847794662959e-33,2.4175726332252863e-19,1.0
63,-8.556095215020857e-11,-2.0930423688381135e-36,1.9504396826900074e-33,1.2476896755423021e-19,1.0
64,-6.052849349370694e-11,-5.889065436530638e-37,6.155839241052656e-34,6.4392254654952e-20,1.0
65,-4.281974934296932e-11,-1.6569703619994994e-37,1.9428622734654684e-34,3.323232163274888e-20,1.0
66,-3.02920298848236e-11,-4.6621162731759513e-38,6.131923960070678e-35,1.71509323135269e-20,1.0
67,-2.1429529332210123e-11,-1.3117511720839452e-38,1.9353143022856256e-35,8.85145739963307e-21,1.0
68,-1.515991926411399e-11,-3.690794130047352e-39,6.108101589355205e-36,4.568165547229517e-21,1.0
69,-1.0724601018138733e-11,-1.0384561950686983e-39,1.927795654784414e-36,2.3575932781148362e-21,1.0
70,-7.58691817512027e-12,-2.9218407504693925e-40,6.084371767952184e-37,1.2167348156599102e-21,1.0
71,-5.367223200062701e-12,-8.221004806600218e-41,1.920306217040078e-37,6.279469938185175e-22,1.0
72,-3.796941553127354e-12,-2.313093895322201e-41,6.060734136309856e-38,3.2407836282045626e-22,1.0
73,-2.6860752050886837e-12,-6.50821097231481e-42,1.912845875573445e-38,1.6725422094900733e-22,1.0
74,-1.9002136078311698e-12,-1.8311755586670127e-42,6.037188336273315e-39,8.631855018583058e-23,1.0
75,-1.3442705358905004e-12,-5.152266791785937e-43,1.905414517346206e-39,4.4548305351620337e-23,1.0
76,-9.509790195249918e-13,-1.4496618288780546e-43,6.0137340110790786e-40,2.2991019953750038e-23,1.0
77,-6.727523005461312e-13,-4.078824919269396e-44,1.8980120297592037e-40,1.1865479378880712e-23,1.0
78,-4.759260179222259e-13,-1.1476340475163658e-44,5.990370805349678e-41,6.1236779044106475e-24,1.0
79,-3.3668494979717305e-13,-3.2290278035633614e-45,1.8906383006507252e-41,3.160380620079469e-24,1.0
80,-2.381814634022578e-13,-9.085318249968128e-46,5.96709836508828e-42,1.6310468675336298e-24,1.0
81,-1.68497016402476e-13,-2.5562804882669142e-46,1.883293218294803e-42,8.417700916114247e-25,1.0
82,-1.1920005919430897e-13,-7.192450231137536e-47,5.943916337673317e-43,4.344307335588544e-25,1.0
83,-8.432584988916143e-14,-2.0236957784887989e-47,1.875976671399522e-43,2.2420618663130804e-25,1.0
84,-5.965474352607439e-14,-5.693949172069111e-48,5.920824371853151e-44,1.1571099887881856e-25,1.0
85,-4.220163128909205e-14,-1.6020716907517117e-48,1.8686885491053338e-44,5.971751030916608e-26,1.0
86,-2.9854753841696237e-14,-4.507651235979272e-49,5.897822117740746e-45,3.0819723899023076e-26,1.0
87,-2.112018658337158e-14,-1.2682902882886326e-49,1.8614287409833764e-45,1.5905810143364606e-26,1.0
88,-1.4941080528804832e-14,-3.568510896601806e-50,5.8749092268083684e-46,8.208859921836606e-27,1.0
89,-1.056978765253853e-14,-1.0040501087766595e-50,1.8541971370338013e-46,4.236526188164412e-27,1.0
90,-7.477398358463485e-15,-2.8250344475462393e-51,5.852085351882306e-47,2.1864368881796267e-27,1.0
91,-5.289745456496871e-15,-7.948626826550283e-52,1.8469936276841064e-47,1.1284023876325645e-27,1.0
92,-3.74213137419084e-15,-2.2364565671980434e-52,5.829350147137607e-48,5.8235934240708115e-28,1.0
93,-2.647300770305356e-15,-6.292581204411653e-53,1.8398181037874764e-48,3.005509447745347e-28,1.0
94,-1.872783359984178e-15,-1.7705051282853034e-53,5.806703268092844e-49,1.5511191085472836e-28,1.0
95,-1.3248655206748843e-15,-4.981562108545959e-54,1.832670456621128e-49,8.005200218902705e-29,1.0
96,-9.372513048642003e-16,-1.4016316950933996e-54,5.784144371604888e-50,4.1314190632812026e-29,1.0
97,-6.630408858569814e-16,-3.943685466292067e-55,1.8255505778846637e-50,2.1321919514441543e-29,1.0
98,-4.690558594439175e-16,-1.1096106852811221e-55,5.761673115863713e-51,1.1004070146765921e-29,1.0
99,-3.3182478482349455e-16,-3.1220437923201677e-56,1.8184583596984302e-51,5.679111569337358e-30,1.0
100,-2.3474323069686213e-16,-8.784303873836103e-57,5.7392891603872176e-52,2.930943531513231e-30,1.0
101,-1.66064703054992e-16,-2.4715859123342736e-57,1.811393694601884e-52,1.512636242489173e-30,1.0
102,-1.1747936466102024e-16,-6.954150277341851e-58,5.716992166016064e-53,7.806593260807199e-31,1.0
103,-8.310857676111139e-17,-1.9566467764084422e-58,1.8043564755519632e-53,4.02891961912757e-31,1.0
104,-5.87936064447351e-17,-5.505297491346331e-59,5.69478179490854e-54,2.079292817634595e-31,1.0
105,-4.1592435985450165e-17,-1.5489919199344268e-59,1.797346595921465e-54,1.0731061997218558e-31,1.0
106,-2.9423790031146886e-17,-4.3583039277962254e-60,5.67265771053544e-55,5.538214272251926e-32,1.0
107,-2.0815309305275557e-17,-1.2262693486385719e-60,1.7903639494974314e-55,2.858227576480774e-32,1.0
108,-1.4725400807157773e-17,-3.450279146022822e-61,5.650619577674966e-56,1.4751081264382578e-32,1.0
109,-1.0417209072001935e-17,-9.707839634658162e-62,1.7834084304795383e-56,7.612913690250458e-33,1.0
110,-7.369459498654223e-18,-2.731435526915959e-62,5.628667062407649e-57,3.9289631598154355e-33,1.0
111,-5.213386131249844e-18,-7.685273262099343e-63,1.776479933478494e-57,2.027706097726564e-33,1.0
112,-3.688112399351892e-18,-2.1623583837553395e-63,5.6067998321112874e-58,1.0464827109630198e-33,1.0
113,-2.6090860580457753e-18,-6.084095672766935e-64,1.7695783535144407e-58,5.400812600861394e-34,1.0
114,-1.845749077355963e-18,-1.7118448280111534e-64,5.585017555455909e-59,2.787315685586513e-34,1.0
115,-1.3057406236389535e-18,-4.8165132055785655e-65,1.762703586015365e-59,1.4385110732924683e-34,1.0
116,-9.237217545644924e-19,-1.3551928936494447e-65,5.563319902398751e-60,7.424039260015212e-35,1.0
117,-6.534696588345077e-19,-3.81302344789761e-66,1.755855526815514e-60,3.831486594545063e-35,1.0
118,-4.622848741054241e-19,-1.0728471114590939e-66,5.5417065441792564e-61,1.977399231068781e-35,1.0
119,-3.2703477803058887e-19,-3.018604370767113e-67,1.7490340721538147e-61,1.0205197441114051e-35,1.0
120,-2.3135463008276185e-19,-8.493262693154715e-68,5.520177153314097e-62,5.266819829591519e-36,1.0
121,-1.6366750100114785e-19,-2.389697433473271e-68,1.7422391186723038e-62,2.718163100463274e-36,1.0
122,-1.1578350895496787e-19,-6.723745667435123e-69,5.498731403592208e-63,1.4028219836206441e-36,1.0
123,-8.190887539628961e-20,-1.8918192390006706e-69,1.735470563414562e-63,7.239850755806211e-37,1.0
124,-5.794490017826528e-20,-5.322896210050035e-70,5.4773689700698466e-64,3.73642839778323e-37,1.0
125,-4.099203462902415e-20,-1.4976707858162862e-70,1.728728303824152e-64,1.9283404648313512e-37,1.0
126,-2.899904733389119e-20,-4.213904788247764e-71,5.456089529065669e-65,9.952009117884135e-38,1.0
127,-2.0514833037290523e-20,-1.1856406449658572e-71,1.722012237743066e-65,5.136151384507249e-38,1.0
128,-1.4512834497706048e-20,-3.335964644753147e-72,5.434892758155823e-66,2.6507261731874603e-38,1.0
129,-1.0266833016625152e-20,-9.386199906602782e-73,1.7153222634101776e-66,1.3680183310825702e-38,1.0
130,-7.2630787740276e-21,-2.640937721725444e-73,5.413778336169068e-67,7.060231921004197e-39,1.0
131,-5.138129079562129e-21,-7.430645116695294e-74,1.7086582794596997e-67,3.643728570429366e-39,1.0
132,-3.634873207302714e-21,-2.090715218160976e-74,5.392745943181903e-68,1.8804988339639188e-39,1.0
133,-2.571422988519602e-21,-5.882517674850143e-75,1.702020184919649e-68,9.70510233182093e-40,1.0
134,-1.819105044050141e-21,-1.6551280582997112e-75,5.371795260513725e-69,5.008724789931099e-40,1.0
135,-1.2868918011788397e-21,-4.656932695813378e-76,1.6954078792103159e-69,2.5849623387292296e-40,1.0
136,-9.103875080540266e-22,-1.3102927005910598e-76,5.350925970721994e-70,1.334078148210736e-40,1.0
137,-6.440365958207245e-22,-3.686690517914701e-77,1.6888212621427397e-70,6.885069383286725e-41,1.0
138,-4.556116303077964e-22,-1.0373015867943929e-77,5.330137757597427e-71,3.5533286019451456e-41,1.0
139,-3.2231391666058543e-22,-2.9185920997100107e-78,1.6822602339171919e-71,1.833844141651061e-41,1.0
140,-2.2801494510336497e-22,-8.21186427643835e-79,5.309430306159207e-72,9.464321239603252e-42,1.0
141,-1.6130490339714304e-22,-2.3105220801956053e-79,1.6757246951216633e-72,4.884459616385928e-42,1.0
142,-1.1411213351899565e-22,-6.500974813220912e-80,5.288803302650208e-73,2.5208300880861794e-42,1.0
143,-8.07264921401498e-23,-1.829139564792853e-80,1.669214546730358e-73,1.3009800125448494e-42,1.0
144,-5.710844528350576e-23,-5.1465382402134445e-81,5.268256434532245e-74,6.714252583069509e-43,1.0
145,-4.040030027611106e-23,-1.448050021321303e-81,1.6627296901021927e-74,3.4651714334236527e-43,1.0
146,-2.8580435945983493e-23,-4.0742898748220757e-82,5.247789390481334e-75,1.7883469402525791e-43,1.0
147,-2.021869424929667e-23,-1.1463580497675641e-82,1.6562700269793022e-75,9.229513864342628e-44,1.0
148,-1.4303336657255983e-23,-3.22543760665601e-83,5.227401860382979e-76,4.763277429829232e-44,1.0
149,-1.0118627692187367e-23,-9.075216732276844e-84,1.6498354594855508e-76,2.4582889420835806e-44,1.0
150,-7.158233692357441e-24,-2.553438285950424e-84,5.207093535327467e-77,1.268703033110348e-44,1.0
151,-5.063958389729478e-24,-7.184453300127029e-85,1.6434258901250489e-77,6.547673703723111e-45,1.0
152,-3.5824025416060796e-24,-2.0214457308684803e-85,5.186864107605196e-78,3.379201421574772e-45,1.0
153,-2.534303598571094e-24,-5.687618350548894e-86,1.637041221780676e-78,1.7439785127166515e-45,1.0
154,-1.7928456266812897e-24,-1.6002904261794013e-86,5.1667132707020056e-79,9.000531999658088e-46,1.0
155,-1.2683150680615099e-24,-4.502639400680432e-87,1.6306813577126096e-79,4.645101742146925e-46,1.0
156,-8.972457460543166e-25,-1.2668801388109437e-87,5.146640719294536e-80,2.397299425824614e-46,1.0
157,-6.347397023698566e-25,-3.564543245171028e-88,1.6243462015568584e-80,1.2372268372323727e-46,1.0
158,-4.49034717117716e-25,-1.0029337549343737e-88,5.126646149245601e-81,6.385227603520929e-47,1.0
159,-3.1766120257512762e-25,-2.8218934309450356e-89,1.6180356573238033e-81,3.295364303604102e-47,1.0
160,-2.2472346964438102e-25,-7.939789140043256e-90,5.106729257599578e-82,1.700710854454125e-47,1.0
161,-1.589764107156445e-25,-2.233969961340355e-90,1.6117496293967418e-82,8.777231116130854e-48,1.0
162,-1.1246488497184535e-25,-6.285584793431729e-91,5.086889742577822e-83,4.529857962875355e-48,1.0
163,-7.95611769997378e-26,-1.7685365908732058e-91,1.6054880225304408e-83,2.3378230437744972e-48,1.0
164,-5.628406490762219e-26,-4.976023355099446e-92,5.067127303574089e-84,1.2065315576768877e-48,1.0
165,-3.9817107815484777e-26,-1.4000732898757624e-92,1.5992507418496919e-84,6.226811749275551e-49,1.0
166,-2.816786735982955e-26,-3.93930067674364e-93,5.047441641149984e-85,3.213607162963209e-49,1.0
167,-1.9926830328253738e-26,-1.1083769638352234e-93,1.5930376928478742e-85,1.6585166556624994e-49,1.0
168,-1.4096862991384653e-26,-3.118572545663378e-94,5.0278324570304206e-86,8.559470270079843e-50,1.0
169,-9.972561763428484e-27,-8.774537039197433e-95,1.5868487813855238e-86,4.417473352121084e-50,1.0
170,-7.054902086100734e-27,-2.468837877743515e-95,5.008299454099105e-87,2.279822255462762e-50,1.0
171,-4.990858379738669e-27,-6.946418300307956e-96,1.5806839136889052e-87,1.1765978201108225e-50,1.0
172,-3.530689308315375e-27,-1.954471277269758e-96,4.9888423363940334e-88,6.072326151621568e-51,1.0
173,-2.4977200399954507e-27,-5.499176422334269e-97,1.574542996348592e-88,3.133878395949616e-51,1.0
174,-1.7669652731838788e-27,-1.547269672143831e-97,4.969460809103005e-89,1.6173692840884485e-51,1.0
175,-1.2500064965821655e-27,-4.353458144410402e-98,1.5684259363180506e-89,8.347112014600443e-52,1.0
176,-8.842936899841473e-28,-1.2249059201731362e-98,4.950154578559158e-90,4.307876974648717e-52,1.0
177,-6.255770128266517e-28,-3.446442950649751e-99,1.5623326409122314e-90,2.2232604517883544e-52,1.0
178,-4.42552743969181e-28,-9.697045966113425e-100,4.930923352236519e-91,1.1474067308733258e-52,1.0
179,-3.1307565204433537e-28,-2.728398578342602e-100,1.5562630178061638e-91,5.921673301904003e-53,1.0
180,-2.214795077845264e-28,-7.67672838544412e-101,4.9117668387455714e-92,3.056127679135427e-53,1.0
181,-1.5668153064017115e-28,-2.1599541640167e-101,1.5502169750335573e-92,1.5772427682179996e-53,1.0
182,-1.1084141503344087e-28,-6.07733106657671e-102,4.892684747828839e-93,8.140022312810383e-54,1.0
183,-7.841268359083521e-29,-1.7099415120964968e-102,1.544194420985408e-93,4.200999655107801e-54,1.0
184,-5.547158475071271e-29,-4.811157961874625e-103,4.873676790356487e-94,2.1681019319126002e-54,1.0
185,-3.9242333941943424e-29,-1.353686121446903e-103,1.5381952644086105e-94,1.1189398650504118e-54,1.0
186,-2.7761254345473145e-29,-3.808783935009183e-104,4.8547426783219453e-95,5.774758110632526e-55,1.0
187,-1.963917956496255e-29,-1.0716542656194361e-104,1.532219414404576e-95,2.9803059376040477e-55,1.0
188,-1.3893369845074593e-29,-3.015248133306265e-105,4.835882124837541e-96,1.538111780883762e-55,1.0
189,-9.828604347423823e-30,-8.483819452864054e-106,1.5262667804278545e-96,7.93807045324797e-56,1.0
190,-6.953062107710688e-30,-2.3870404466471774e-106,4.817094844130152e-97,4.096773934370537e-56,1.0
191,-4.918813593951814e-30,-6.716269865934005e-107,1.520337272284762e-97,2.1143118807254507e-56,1.0
192,-3.4797225736289784e-30,-1.8897158184065122e-107,4.798380551536881e-98,1.0911792548454715e-56,1.0
193,-2.4616645778794474e-30,-5.31697794403499e-108,1.5144308001320152e-98,5.631487847462608e-57,1.0
194,-1.741458511638381e-30,-1.4960055994659142e-108,4.779738963500732e-99,2.906365313974943e-57,1.0
195,-1.2319622157337968e-30,-4.2092195551500695e-109,1.50854727447537e-99,1.499951623278852e-57,1.0
196,-8.715286013720935e-31,-1.184322389554093e-109,4.761169797566327e-100,7.741128967369243e-58,1.0
197,-6.165465899107771e-31,-3.332255550041295e-110,1.502686606168264e-100,3.995134026952728e-58,1.0
198,-4.361643403694953e-31,-9.375763853423164e-111,4.7426727723756184e-101,2.0618563468707793e-58,1.0
199,-3.085562955388128e-31,-2.6380013932024815e-111,1.4968487064104687e-101,1.0641073782383068e-58,1.0
200,-2.1828237364838415e-31,-7.422383348528376e-112,4.724247607663627e-102,5.491772082665698e-59,1.0
201,-1.5441977796100203e-31,-2.088390654928009e-112,1.491033486746741e-102,2.8342591381968697e-59,1.0
202,-1.0924138045125058e-31,-5.875977193303229e-113,4.705894024254196e-103,1.4627382093674296e-59,1.0
203,-7.728076908586584e-32,-1.6532878029666297e-113,1.4852408590654849e-103,7.549073549092024e-60,1.0
204,-5.467083302895544e-32,-4.651754881815061e-114,4.6876117440557606e-104,3.8960157794911155e-60,1.0
205,-3.867585713023883e-32,-1.3088358507007635e-114,1.4794707355974146e-104,2.0107022213168704e-60,1.0
206,-2.7360510932152985e-32,-3.6825914683861815e-115,4.669400490057136e-105,1.0377071479255328e-60,1.0
207,-1.9355681141017812e-32,-1.0361482622721361e-115,1.4737230289142275e-105,5.3555226300515586e-61,1.0
208,-1.3692814193483783e-32,-2.915347060965336e-116,4.651259986323318e-106,2.7639418980905577e-61,1.0
209,-9.686725007054526e-33,-8.202733909181582e-117,1.4679976519272764e-106,1.4264480506820097e-61,1.0
210,-6.852692225017494e-33,-2.307953124543527e-117,4.6331899579913036e-107,7.361782976336062e-62,1.0
211,-4.847808799838565e-33,-6.493746699655761e-118,1.4622945178862514e-107,3.799356630250886e-62,1.0
212,-3.42949156157852e-33,-1.8271058346399618e-118,4.615190131265924e-108,1.9608172164585706e-62,1.0
213,-2.426129588966037e-33,-5.14081605793518e-119,1.4566135403778662e-108,1.0119619005353675e-62,1.0
214,-1.716319949114342e-33,-1.4464400058539542e-119,4.5972602334157e-109,5.222653491306645e-63,1.0
215,-1.2141784103887352e-33,-4.069759872667218e-120,1.4509546333245474e-109,2.695369210622194e-63,1.0
216,-8.589477812775232e-34,-1.1450834707377861e-120,4.5793999927687064e-110,1.3910582414979423e-63,1.0
217,-6.076465243072197e-34,-3.221851401511697e-121,1.4453177109831307e-110,7.179139034509731e-64,1.0
218,-4.2986815560950394e-34,-9.065126445965342e-122,4.5616091387084556e-111,3.705095569637769e-64,1.0
219,-3.041021775246599e-34,-2.550599243738644e-122,1.4397026879435623e-111,1.912169845737902e-64,1.0
220,-2.1513139126138883e-34,-7.176465260510072e-123,4.543887401669801e-112,9.868553861099948e-65,1.0
221,-1.5219067447258828e-34,-2.0191981849652423e-123,1.434109479127604e-112,5.093080801713446e-65,1.0
222,-1.0766444292771319e-34,-5.681294567957181e-124,4.5262345131348466e-113,2.628497793889617e-65,1.0
223,-7.616519416255448e-35,-1.5985111421073996e-124,1.4285379997875443e-113,1.3565464443757134e-65,1.0
224,-5.388164043828801e-35,-4.4976331377943106e-125,4.508650205628884e-114,7.00102644189501e-66,1.0
225,-3.811755760938224e-35,-1.265471557208976e-125,1.4229881655049146e-114,3.6131731016898325e-66,1.0
226,-2.696555239012576e-35,-3.560580005176376e-126,4.491134212716336e-115,1.8647294037702907e-66,1.0
227,-1.907627511594916e-35,-1.0018186423109184e-126,1.4174598921892102e-115,9.623717578488718e-67,1.0
228,-1.349515363284883e-35,-2.8187559066854215e-127,4.4736862689967217e-116,4.966722777216515e-67,1.0
229,-9.546893744572182e-36,-7.93096127972439e-128,1.4119530960766154e-116,2.5632854398035214e-67,1.0
230,-6.753771216675738e-36,-2.2314861202171952e-128,4.4563061101006334e-117,1.3228908760619371e-67,1.0
231,-4.777828984755473e-36,-6.278596161416432e-129,1.4064676937287349e-117,6.827332776883646e-68,1.0
232,-3.3799856517505e-36,-1.7665702421808587e-129,4.438993472685733e-118,3.5235312065246547e-68,1.0
233,-2.3911075600425538e-36,-4.970490759919972e-130,1.4010036020313296e-118,1.8184659469638558e-68,1.0
234,-1.691544270530145e-36,-1.3985166173720977e-130,4.4217480944327606e-119,9.384955621065008e-69,1.0
235,-1.196651320492014e-36,-3.9349207624266556e-131,1.3955607381930576e-119,4.843499662801788e-69,1.0
236,-8.465485697199563e-37,-1.1071446141034099e-131,4.40456971404156e-120,2.499690987446443e-69,1.0
237,-5.98874934262596e-37,-3.1151051585147034e-132,1.3901390197442185e-120,1.2900702937401402e-69,1.0
238,-4.236628584780113e-37,-8.764781063820946e-133,4.387458071227119e-121,6.657948407018567e-70,1.0
239,-2.99712356261443e-37,-2.4660928985570113e-133,1.384738364535505e-121,3.436113303718174e-70,1.0
240,-2.1202589440690445e-37,-6.9386949200783385e-134,4.3704129067156274e-122,1.7733502746195275e-70,1.0
241,-1.499937488724455e-37,-1.952298196961371e-134,1.379358690736758e-122,9.152117286383536e-71,1.0
242,-1.0611026904871112e-37,-5.493062159037233e-135,4.353433962240545e-123,4.723333682156579e-71,1.0
243,-7.506572295332676e-38,-1.5455493392356916e-135,1.3739999168357258e-123,2.4376742970926885e-71,1.0
244,-5.310384011861151e-38,-4.348617748812355e-136,4.336520980538693e-124,1.2580639816226614e-71,1.0
245,-3.7567317337321085e-38,-1.22354400763663e-136,1.3686619616368306e-124,6.49276641979576e-72,1.0
246,-2.6576295212751673e-38,-3.442611020553291e-137,4.319673705346352e-125,3.3508642165920905e-72,1.0
247,-1.8800902414547908e-38,-9.686264298516896e-138,1.363344744259937e-125,1.729353910500068e-72,1.0
248,-1.3300346371519522e-38,-2.725365006402722e-138,4.302891881395383e-126,8.925055610887915e-73,1.0
249,-9.40908099525638e-39,-7.668193009416211e-139,1.3580481841391268e-126,4.606148988578513e-73,1.0
250,-6.656278167677556e-39,-2.157552617411523e-139,4.286175254409353e-127,2.3771962248728345e-73,1.0
251,-4.7088593527718516e-39,-6.07057398161879e-140,1.3527722010214784e-127,1.2268517378752026e-73,1.0
252,-3.3311943770408036e-39,-1.7080403123850224e-140,4.269523571099691e-128,6.331682555182932e-74,1.0
253,-2.3565910863521858e-39,-4.8058086724022853e-141,1.3475167149658508e-128,3.2677301373873024e-74,1.0
254,-1.6671262375292338e-39,-1.3521810245501287e-141,4.2529365791618435e-129,1.6864490848563605e-74,1.0
255,-1.179377240266375e-39,-3.8045491358262385e-142,1.3422816463416725e-129,8.703627277149789e-75,1.0
256,-8.343283451166609e-40,-1.070462746046291e-142,4.2364140272714545e-130,4.49187161710239e-75,1.0
257,-5.902299651872911e-40,-3.011895627480473e-143,1.337066915827735e-130,2.318218598066788e-75,1.0
258,-4.175471369803209e-40,-8.474386712046964e-144,4.2199556650805564e-131,1.1964138618657772e-75,1.0
259,-2.9538590360308072e-40,-2.3843864139938148e-144,1.3318724444109898e-131,6.17459513981237e-76,1.0
260,-2.0896522648536507e-40,-6.708802376408211e-145,4.203561243213778e-132,3.1866585933013663e-76,1.0
261,-1.4782853666150538e-40,-1.887614736502068e-145,1.326698153385353e-132,1.6446087168996187e-76,1.0
262,-1.045785302130761e-40,-5.311066258248308e-146,4.1872305132645635e-133,8.48769252340933e-77,1.0
263,-7.398212299543911e-41,-1.494342264554194e-146,1.3215439643505113e-133,4.380429437814769e-77,1.0
264,-5.233726761851079e-41,-4.204539531332194e-147,4.170963227791412e-134,2.2607041910098226e-77,1.0
265,-3.7025019975981027e-41,-1.183005599845565e-147,1.3164097992107352e-134,1.1667311417300112e-77,1.0
266,-2.619265709883844e-41,-3.32855057928909e-148,4.1547591403141264e-135,6.021405022806457e-78,1.0
267,-1.8529504814376644e-41,-9.365339403576849e-149,1.3112955801736945e-135,3.1075984133685706e-78,1.0
268,-1.3108351221122706e-41,-2.6350683294385187e-149,4.1386180053100774e-136,1.603806397708461e-78,1.0
269,-9.273257621163779e-42,-7.414130766214391e-150,1.3062012297492808e-136,8.277115055360017e-79,1.0
270,-6.560192464930531e-42,-2.0860686762623604e-150,4.1225395782104873e-137,4.271752110326804e-79,1.0
271,-4.640885321541445e-42,-5.869443983795471e-151,1.3011266707484327e-137,2.204616701596375e-79,1.0
272,-3.283107421441623e-42,-1.6514495937227763e-151,4.106523615396721e-138,1.137784842244942e-79,1.0
273,-2.3225728700283733e-42,-4.646582824772997e-152,1.296071826281966e-138,5.872015513195349e-80,1.0
274,-1.6430606873725627e-42,-1.3073806206100753e-152,4.0905698741965944e-139,3.0304996961616995e-80,1.0
275,-1.1623525174287507e-42,-3.6784969763888557e-153,1.2910366197594096e-139,1.5640163735600511e-80,1.0
276,-8.222845237283688e-43,-1.0349962200745869e-153,4.0746781128807006e-140,8.071761960122017e-81,1.0
277,-5.817097892633392e-43,-2.9121056302193458e-154,1.286020974887844e-140,4.1657710393766044e-81,1.0
278,-4.115196980608382e-43,-8.193613693530278e-155,4.058848090658744e-141,2.1499207283667854e-81,1.0
279,-2.9112190480160487e-43,-2.3053870251866554e-155,1.2810248156707459e-141,1.1095566930036706e-81,1.0
280,-2.059487403754489e-43,-6.486526622673925e-156,4.043079567675894e-142,5.726332318887285e-82,1.0
281,-1.4569458004590602e-43,-1.8250743656914174e-156,1.2760480664068367e-142,2.955313778295108e-82,1.0
282,-1.0306890256311261e-43,-5.1351002378694355e-157,4.0273723050091506e-143,1.5252135296747912e-82,1.0
283,-7.291416518182901e-44,-1.4448317804834716e-157,1.2710906516889354e-143,7.871503622349845e-83,1.0
284,-5.158176086048444e-44,-4.065234907198547e-158,4.0117260646637223e-144,4.06241933153308e-83,1.0
285,-3.6490550866668544e-44,-1.1438103088496279e-158,1.266152496402816e-144,2.096581748162498e-83,1.0
286,-2.5814556935240284e-44,-3.2182691836921773e-159,3.996140609569422e-145,1.0820288768833913e-83,1.0
287,-1.8262024933459203e-44,-9.055047378546e-160,1.261233525726069e-145,5.584263487153043e-84,1.0
288,-1.2919127587853808e-44,-2.5477633581180072e-160,3.980615703577075e-146,2.881993203709231e-84,1.0
289,-9.139394904967437e-45,-7.168486102400762e-161,1.2563336651269687e-146,1.4873733743643042e-84,1.0
290,-6.465493792899444e-45,-2.0169531379975485e-161,3.965151111454939e-147,7.676213642421403e-85,1.0
291,-4.5738925192192664e-45,-5.674977816467735e-162,1.2514528403633428e-147,3.961631752973956e-85,1.0
292,-3.235714617860331e-45,-1.5967338363336848e-162,3.949746598885142e-148,2.0445660943356415e-85,1.0
293,-2.2890457185518127e-45,-4.4926324411252123e-163,1.2465909774814483e-148,1.0551840187995335e-85,1.0
294,-1.6193425318470275e-45,-1.2640645417394846e-163,3.93440193246013e-149,5.44571934658696e-86,1.0
295,-1.1455735524180558e-45,-3.556621171712987e-164,1.2417480028148504e-149,2.8104916937171318e-86,1.0
296,-8.104145591129914e-46,-1.0007047695262424e-164,3.9191168796791335e-150,1.4504720235727007e-86,1.0
297,-5.733126050579662e-46,-2.8156218708844316e-165,1.2369238429833067e-150,7.48576875665669e-87,1.0
298,-4.055792673296786e-46,-7.922143234668425e-166,3.9038912089446404e-151,3.863344688311306e-87,1.0
299,-2.869194583137541e-46,-2.229005040754591e-166,1.232118424891655e-151,1.9938409354992167e-87,1.0
300,-2.0297579829725687e-46,-6.271615299716714e-167,3.888724689558891e-152,1.029005174738904e-87,1.0
301,-1.4359142784020005e-46,-1.764606079774733e-167,1.2273316757287066e-152,5.310612450507882e-88,1.0
302,-1.015810669161242e-46,-4.964964316160465e-168,3.8736170917203794e-153,2.7407641177941944e-88,1.0
303,-7.186162371267445e-47,-1.3969616756558864e-168,1.222563522966141e-153,1.4144861858013753e-88,1.0
304,-5.08371601066764e-47,-3.9305457179205846e-169,3.8585681865203725e-154,7.300048759515909e-89,1.0
305,-3.5963797005828424e-47,-1.1059136345605405e-169,1.2178138943574104e-154,3.7674961004386186e-89,1.0
306,-2.5441914779708026e-47,-3.1116416265829477e-170,3.843577745939443e-155,1.9443742548044915e-89,1.0
307,-1.7998406218148305e-47,-8.755035935632765e-171,1.213082717936641e-155,1.0034758210649185e-89,1.0
308,-1.273263546389401e-47,-2.463350971377609e-171,3.8286455428440124e-156,5.178857521764314e-90,1.0
309,-9.007464543885069e-48,-6.930980127094638e-172,1.2083699220175463e-156,2.6727664650925054e-90,1.0
310,-6.372162129310927e-48,-1.9501275327939025e-172,3.813771350982911e-157,1.3793931474078098e-90,1.0
311,-4.5078667814229316e-48,-5.486954693888284e-173,1.2036754351923383e-157,7.118936427727776e-91,1.0
312,-3.1890059459698336e-48,-1.5438309190809453e-173,3.7989549449839496e-158,3.6740254913740315e-91,1.0
313,-2.2560025432297304e-48,-4.3437827350116685e-174,1.1989991863306466e-158,1.8961348297325134e-91,1.0
314,-1.5959667561896593e-48,-1.2221836093435663e-174,3.784196100350504e-159,9.78579844088166e-92,1.0
315,-1.129036797634128e-48,-3.438783350991091e-175,1.1943411045784407e-159,5.050371398908959e-92,1.0
316,-7.987159415872214e-49,-9.675494618525312e-176,3.769494593458113e-160,2.6064558166619698e-92,1.0
317,-5.650366371427096e-49,-2.7223348073420055e-176,1.1897011193569563e-160,1.3451707582691149e-92,1.0
318,-3.9972458879322055e-49,-7.659667123452336e-177,3.754850201551092e-161,6.942317446300211e-93,1.0
319,-2.8277767561035903e-49,-2.1551537409676825e-177,1.1850791603616252e-161,3.5828738640750492e-93,1.0
320,-2.0004577167746566e-49,-6.063824409530686e-178,3.740262702739155e-162,1.8490922123869928e-93,1.0
321,-1.4151863537195976e-49,-1.7061412265238275e-178,1.1804751575610115e-162,9.54301529895724e-94,1.0
322,-1.0011470869692828e-49,-4.8004653305413295e-179,3.725731875994056e-163,4.925072983708627e-94,1.0
323,-7.082427604765285e-50,-1.350677601096432e-179,1.175889041195749e-163,2.5417903183605995e-94,1.0
324,-5.010330792510249e-50,-3.8003190451078414e-180,3.7112575011462366e-164,1.311797417801251e-94,1.0
325,-3.544464702115132e-50,-1.0692725512650486e-180,1.1713207417774855e-164,6.77008033636668e-95,1.0
326,-2.507465184398683e-50,-3.0085468491407185e-181,3.696839358881494e-165,3.493983685200624e-95,1.0
327,-1.7738592931168354e-50,-8.464964459029602e-182,1.166770190087829e-165,1.803216710276114e-95,1.0
328,-1.2548835418951356e-50,-2.3817353322285853e-182,3.682477230737653e-166,9.306255544328067e-96,1.0
329,-8.877438643694952e-51,-6.701343189616069e-183,1.1622373171772988e-166,4.802883189956432e-96,1.0
330,-6.280177740920133e-51,-1.885515990687065e-183,3.668170899101259e-167,2.478729154436906e-96,1.0
331,-4.4427941482378744e-51,-5.305161145373762e-184,1.157722054364282e-167,1.2792520613251126e-96,1.0
332,-3.1429715300899664e-51,-1.4926807790226039e-184,3.653920147204282e-168,6.602116384822653e-97,1.0
333,-2.2234363576971124e-51,-4.1998647110021996e-185,1.1532243332339916e-168,3.4072988487971006e-97,1.0
334,-1.572928418027347e-51,-1.181690274210631e-185,3.6397247591208276e-169,1.758479367571147e-97,1.0
335,-1.1127387566876549e-51,-3.3248497279113062e-186,1.1487440856374301e-169,9.075369738304865e-98,1.0
336,-7.871861976959086e-52,-9.354926544162663e-187,3.6255845197638704e-170,4.6837248935539404e-98,1.0
337,-5.56880135718038e-52,-2.632138526803631e-187,1.1442812436903578e-170,2.4172325217676928e-98,1.0
338,-3.939544245885502e-52,-7.405887359540044e-188,3.6114992148819915e-171,1.2475141467708636e-98,1.0
339,-2.7869568098847988e-52,-2.0837492792903768e-188,1.139835739772263e-171,6.4383195757077565e-99,1.0
340,-1.971580410164277e-52,-5.862918038241447e-189,3.5974686310561335e-172,3.3227646408850995e-99,1.0
341,-1.3947576438775942e-52,-1.6496134282932051e-189,1.1354075065253381e-172,1.7148519468300214e-99,1.0
342,-9.866951787134498e-53,-4.641416518286309e-190,3.583492555696368e-173,8.850212149733792e-100,1.0
343,-6.9801902858888955e-53,-1.30592700851802e-190,1.1309964768534592e-173,4.5675228838317567e-100,1.0
344,-4.938004915636419e-53,-3.67440703685543e-191,3.56957077703867e-174,2.357261604735011e-100,1.0
345,-3.4932991148026075e-53,-1.0338454587759912e-191,1.1266025839211688e-174,1.216563641712136e-100,1.0
346,-2.4712690477157854e-53,-2.9088678034604833e-192,3.5557030841417164e-175,6.278586523290316e-101,1.0
347,-1.7482530139830803e-53,-8.184503618197367e-193,1.1222257611526637e-175,3.2403277049249936e-101,1.0
348,-1.2367688591923935e-53,-2.302823778949217e-193,3.541889266883683e-176,1.6723069111743414e-101,1.0
349,-8.749289712838201e-54,-6.479314573339923e-194,1.1178659422307859e-176,8.63064066301344e-102,1.0
350,-6.189521179338502e-54,-1.8230451554330986e-194,3.5281291159590645e-177,4.454203816077847e-102,1.0
351,-4.3786608612657724e-54,-5.129390772942382e-195,1.1135230610960178e-177,2.2987785507264094e-102,1.0
352,-3.0976016370994583e-54,-1.443225343219535e-195,3.514422422875502e-178,1.186381010721907e-102,1.0
353,-2.191340276439566e-54,-4.0607149728160163e-196,1.1091970519454817e-178,6.122816406812072e-103,1.0
354,-1.5502226463318628e-54,-1.1425385625274394e-196,3.500768979950625e-179,3.1599360081391803e-103,1.0
355,-1.0966759836609248e-54,-3.214690948764142e-197,1.1048878492319422e-179,1.630817406908581e-103,1.0
356,-7.75822889689092e-55,-9.044979517545089e-198,3.4871685803089035e-180,8.416516688393921e-104,1.0
357,-5.488413762433877e-55,-2.5449306255788576e-198,1.1005953876628132e-180,4.343696165243614e-104,1.0
358,-3.8826755472173734e-55,-7.16051581592419e-199,3.4736210178785123e-181,2.2417464462430123e-104,1.0
359,-2.746726113862548e-55,-2.0147105871869557e-199,1.0963196021991687e-181,1.1569472030420723e-104,1.0
360,-1.9431199575718944e-55,-5.668668088263017e-200,3.460126087388212e-182,5.970910906851835e-105,1.0
361,-1.3746238296051477e-55,-1.5949585066586848e-200,1.0920604280547576e-182,3.0815388086698823e-105,1.0
362,-9.724518888064625e-56,-4.4876373044843364e-201,3.4466835843642364e-183,1.590357246570491e-105,1.0
363,-6.879428798458211e-56,-1.2626590906611646e-201,1.0878178006950214e-183,8.207705074501381e-106,1.0
364,-4.866723088084321e-56,-3.55266673988146e-202,3.4332933051271937e-184,4.2359301807985176e-106,1.0
365,-3.44287212063321e-56,-9.995921352018312e-203,1.0835916558361167e-184,2.186129293600356e-106,1.0
366,-2.4355954149220423e-56,-2.8124913196634234e-203,3.419955046788982e-185,1.1282436405589358e-106,1.0
367,-1.7230163704419682e-56,-7.91333499396226e-204,1.0793819294439416e-185,5.822774143267964e-107,1.0
368,-1.218915668268343e-56,-2.226526719881989e-204,3.406668607249716e-186,3.00508662355176e-107,1.0
369,-8.622990656606198e-57,-6.264642199693146e-205,1.0751885577331645e-186,1.550900892402024e-107,1.0
370,-6.100173276921762e-57,-1.7626441012240042e-205,3.3934337851946604e-187,8.004074023032785e-108,1.0
371,-4.3154533607155954e-57,-4.9594440169814643e-206,1.071011477166259e-187,4.130837842704733e-108,1.0
372,-3.052886674378049e-57,-1.395408462802751e-206,3.3802503800911855e-188,2.1318919882072664e-108,1.0
373,-2.1597075133375067e-57,-3.926175537810923e-207,1.0668506244525397e-188,1.1002522060770223e-108,1.0
374,-1.5278446403899747e-57,-1.1046840236831692e-207,3.367118192185724e-189,5.678312614680469e-109,1.0
375,-1.080845082379254e-57,-3.108181945581684e-208,1.0627059365472041e-189,2.9305311974791146e-109,1.0
376,-7.646236150065838e-58,-8.74530164257243e-209,3.354037022500747e-190,1.5124234402303403e-109,1.0
377,-5.409186590725413e-58,-2.46061209281193e-209,1.0585773506503775e-190,7.805495005567093e-110,1.0
378,-3.826627768098906e-58,-6.923273911809111e-210,3.341006672831748e-191,4.028352818484082e-110,1.0
379,-2.7070761620042153e-58,-1.947959282080963e-210,1.0544648042061609e-191,2.0790002964084483e-110,1.0
380,-1.9150703415640035e-58,-5.480854019328889e-211,3.328026945744241e-192,1.0729552318838168e-110,1.0
381,-1.3547806539815993e-58,-1.5421144095528942e-211,1.050368234901683e-192,5.537435139454543e-111,1.0
382,-9.584142057695108e-59,-4.3389530970245824e-212,3.3150976445707657e-193,2.8578254723479702e-111,1.0
383,-6.780121838330281e-59,-1.2208247236103316e-212,1.0462875806661573e-193,1.474900603748723e-111,1.0
384,-4.7964702386369395e-59,-3.4349599372260704e-213,3.302218573407913e-194,7.611842682440332e-112,1.0
385,-3.3931730577566654e-59,-9.66473691281024e-214,1.04222277966994e-194,3.9284104213501024e-112,1.0
386,-2.4004367434911173e-59,-2.7193079774103126e-214,3.2893895371133507e-195,2.027420833876786e-112,1.0
387,-1.6981440266744737e-59,-7.651150717000953e-215,1.0381737703235943e-195,1.0463354885982056e-112,1.0
388,-1.201320194397727e-59,-2.152757531716356e-215,3.2766103413028717e-196,5.400052798148281e-113,1.0
389,-8.498514771411916e-60,-6.057082341959204e-216,1.0341404912769566e-196,2.7869235575538027e-113,1.0
390,-6.01211514271729e-60,-1.704244252162625e-216,3.2638807923474455e-197,1.438308699187476e-113,1.0
391,-4.2531582825366365e-60,-4.7951279296788975e-217,1.0301228814182073e-197,7.422994823633341e-114,1.0
392,-3.0088171877783036e-60,-1.3491758492251926e-217,3.251200697370287e-198,3.830947569378865e-114,1.0
393,-2.1285313802313583e-60,-3.7960936576188766e-218,1.0261208798729447e-198,1.9771210445417334e-114,1.0
394,-1.5057896687884245e-60,-1.0680836798027368e-218,3.2385698642439305e-199,1.0203761742955899e-114,1.0
395,-1.0652427056929274e-60,-3.0052017941425895e-219,1.0221344260032626e-199,5.266078877388262e-115,1.0
396,-7.535860057699925e-61,-8.455552682151091e-220,3.2259881015873224e-200,2.717780701026182e-115,1.0
397,-5.3311030909426824e-61,-2.3790871980705394e-220,1.0181634594068313e-200,1.4026246303651364e-115,1.0
398,-3.7713890582693626e-61,-6.693892296326173e-221,3.213455218762919e-201,7.238832231622293e-116,1.0
399,-2.667998571064735e-61,-1.883419578364119e-221,1.0142079199159832e-201,3.735902745692741e-116,1.0
400,-1.887425631570856e-61,-5.2992625981032486e-222,3.200971025873799e-202,1.9280691800404757e-116,1.0
401,-1.3352239215364291e-61,-1.4910211408149067e-222,1.0102677475968e-202,9.95060903902795e-117,1.0
402,-9.44579161595534e-62,-4.195195088374579e-223,3.188535333760785e-203,5.135428815137543e-117,1.0
403,-6.682248408894904e-62,-1.1803764110214577e-223,1.0063428827482054e-203,2.6503532609820297e-117,1.0
404,-4.727231513635543e-62,-3.321152991327811e-224,3.1761479539995795e-204,1.3678258741105623e-117,1.0
405,-3.344191418230236e-62,-9.344525262293771e-225,1.0024332659010603e-204,7.059238666143266e-118,1.0
406,-2.3657855997756795e-62,-2.6292119816719285e-225,3.163808698897907e-205,3.6432159596320175e-118,1.0
407,-1.6736307238859858e-62,-7.397653118303386e-226,9.985388378172618e-206,1.880234279678917e-118,1.0
408,-1.183978717344767e-62,-2.081432461141599e-226,3.1515173814926743e-206,9.703736988560999e-119,1.0
409,-8.375835739143947e-63,-5.856399348564721e-227,9.946595394888452e-207,5.008020147321575e-119,1.0
410,-5.925328158469968e-63,-1.6477793044054987e-227,3.1392738155471326e-207,2.5845986783796847e-119,1.0
411,-4.1917624555929357e-63,-4.6362559559612365e-228,9.907953121370907e-208,1.3338904660466945e-119,1.0
412,-2.965383859626713e-63,-1.3044750126256233e-228,3.1270778155480594e-208,6.88410077082338e-120,1.0
413,-2.0978052855074677e-63,-3.67032164472424e-229,9.86946097211632e-209,3.552828708889811e-120,1.0
414,-1.4840530684135596e-63,-1.0326959769521799e-229,3.114929196702946e-209,1.8335861508898142e-120,1.0
415,-1.0498655547695069e-63,-2.9056335766816507e-230,9.831118363895697e-210,9.462989770158366e-121,1.0
416,-7.427077282820796e-64,-8.175403671908321e-231,3.102827774937199e-210,4.883772455778278e-121,1.0
417,-5.2541467537815527e-64,-2.3002633826589665e-231,9.792924715745873e-211,2.5204754500563552e-121,1.0
418,-3.716947738530664e-64,-6.472110542728203e-232,3.0907733668913487e-211,1.3007969867270168e-121,1.0
419,-2.629485078814116e-64,-1.8210182013536768e-232,9.754879448960713e-212,6.713308001632206e-122,1.0
420,-1.8601799826325532e-64,-5.123687656088047e-233,3.0787657899182733e-212,3.464683942586424e-122,1.0
421,-1.3159494973622018e-64,-1.4416206920740354e-233,9.716981987082335e-213,1.7880953501757506e-122,1.0
422,-9.309438311216921e-65,-4.056200063925807e-234,3.06680486208043e-213,9.228215428312147e-123,1.0
423,-6.5857878166353e-65,-1.1412682301973215e-234,9.679231755892388e-214,4.762607317499486e-123,1.0
424,-4.658992273839164e-65,-3.211116692299206e-235,3.054890402147099e-214,2.4579431025320456e-123,1.0
425,-3.2959168457970144e-65,-9.034922850502732e-236,9.64162818340334e-215,1.2685245481159722e-123,1.0
426,-2.3316346574356976e-65,-2.5421010426154358e-236,3.043022229591637e-215,6.5467525571082745e-124,1.0
427,-1.6494712791944331e-65,-7.152554391216417e-237,9.604170699849819e-216,3.3787260252598084e-124,1.0
428,-1.1668875705765895e-65,-2.012470529758108e-237,3.0312001645887435e-216,1.7437331645249077e-124,1.0
429,-8.254927621602025e-66,-5.662365375534181e-238,9.566858737679978e-217,8.999265777491503e-125,1.0
430,-5.839793974685704e-66,-1.593185150885272e-238,3.0194240280117334e-217,4.6444482551316944e-125,1.0
431,-4.131252898878486e-66,-4.4826477216897575e-239,9.52969173154689e-218,2.396962166463386e-125,1.0
432,-2.9225775067536435e-66,-1.2612552022346453e-239,3.007693641429824e-218,1.2370527804047922e-125,1.0
433,-2.0675227327044293e-66,-3.548716704787832e-240,9.492669118299992e-219,6.384329310316642e-126,1.0
434,-1.4626302434654027e-66,-9.984807379607004e-241,2.996008827105433e-219,3.294900701749416e-126,1.0
435,-1.0347103783963537e-66,-2.8093642491480605e-241,9.455790336976545e-220,1.7004715932879024e-126,1.0
436,-7.319864825333418e-67,-7.904536546704911e-242,2.9843694079914835e-220,8.775996308610486e-127,1.0
437,-5.1783013082554617e-67,-2.224051154532246e-242,9.419054828793134e-221,4.529220688704862e-127,1.0
438,-3.663292298278038e-67,-6.257676852715896e-243,2.972775207728722e-221,2.3374941517312607e-127,1.0
439,-2.5915275422905452e-67,-1.7606843041005498e-243,9.382462037137204e-222,1.2063618191544231e-127,1.0
440,-1.8333276341632344e-67,-4.953929855551108e-244,2.961226050643045e-222,6.225935742494574e-128,1.0
441,-1.2969533062403157e-67,-1.3938569768904525e-244,9.346011407558627e-223,3.213155062951276e-128,1.0
442,-9.175053314108927e-68,-3.921810216689185e-245,2.9497217617428414e-223,1.6582833305042607e-128,1.0
443,-6.490719666752828e-68,-1.1034557799495437e-245,9.309702387761303e-224,8.5582660978164e-129,1.0
444,-4.591738091329393e-68,-3.1047261112292506e-246,2.9382621667163363e-224,4.4168518885588217e-129,1.0
445,-3.248339133696281e-68,-8.735578172592897e-247,9.273534427594782e-225,2.2795015231465107e-129,1.0
446,-2.297976695889419e-68,-2.4578762594703724e-247,2.926847091928951e-225,1.1764322927574351e-129,1.0
447,-1.6256605845344578e-68,-6.915576264684643e-248,9.237506979045939e-226,6.071471878343474e-130,1.0
448,-1.1500431404880044e-68,-1.9457934421391522e-248,2.9154763644206748e-226,3.1334375124226763e-130,1.0
449,-8.135764855012869e-69,-5.474760127808932e-249,9.201619496230666e-227,1.6171417476673626e-130,1.0
450,-5.755494506751765e-69,-1.5403998085272079e-249,2.9041498119034406e-227,8.345937717541082e-131,1.0
451,-4.071616818772639e-69,-4.334128828873998e-250,9.1658714353856e-228,4.3072709294375623e-131,1.0
452,-2.880389078551724e-69,-1.2194673487551855e-250,2.8928672627585165e-228,2.2229476767583605e-131,1.0
453,-2.0376773191395292e-69,-3.4311407745264188e-251,9.130262254859884e-229,1.147245310210994e-131,1.0
454,-1.4415166644859565e-69,-9.653991168058072e-252,2.8816285460339058e-229,5.920840222926177e-132,1.0
455,-1.0197739722932202e-69,-2.716284512861676e-252,9.094791415106964e-230,3.0556977338153744e-132,1.0
456,-7.214200017157171e-70,-7.642643779522265e-253,2.870433491441755e-230,1.5770208769169877e-132,1.0
457,-5.10355071825523e-70,-2.1503639866920246e-253,9.059458378676407e-231,8.138877149758981e-133,1.0
458,-3.610411393066317e-70,-6.050347770560444e-254,2.8592819293557755e-231,4.200408645722432e-133,1.0
459,-2.55411793607871e-70,-1.7023493869537422e-254,9.024262610205767e-232,2.16779691675064e-133,1.0
460,-1.806862908733111e-70,-4.789796463209487e-255,2.848173690808672e-232,1.1187824491931875e-133,1.0
461,-1.2782313317793752e-70,-1.347675767077861e-255,8.989203576412462e-233,5.773945700129834e-134,1.0
462,-9.042608211422488e-71,-3.7918729681300583e-256,2.8371086074895833e-233,2.979886659116783e-134,1.0
463,-6.3970238588549035e-71,-1.0668961301880233e-256,8.9542807460857e-234,1.5378953946488468e-134,1.0
464,-4.525454746459868e-71,-3.001860458346288e-257,2.826086511741531e-234,7.936953701397279e-135,1.0
465,-3.201448222505476e-71,-8.446151369763532e-258,8.919493590078434e-235,4.0961975877759815e-135,1.0
466,-2.2648045987867137e-71,-2.3764420082423786e-258,2.8151072365588804e-235,2.1140144329111937e-135,1.0
467,-1.6021936055774126e-71,-6.686449687317387e-259,8.884841581299335e-236,1.0910257444351694e-135,1.0
468,-1.1334418656374766e-71,-1.8813254969387353e-259,2.8041706155848097e-236,5.630695592655492e-136,1.0
469,-8.018322244625209e-72,-5.293370609136798e-260,8.850324194704816e-237,2.9059564376790863e-136,1.0
470,-5.672411931113128e-72,-1.4893633478771553e-260,2.793276483108789e-237,1.4997406055307595e-136,1.0
471,-4.012841606335135e-72,-4.1905306576702655e-261,8.815940907291065e-238,7.7400399218446835e-137,1.0
472,-2.8388096550622666e-72,-1.1790640086520249e-261,2.782424674064069e-238,3.994571979368918e-137,1.0
473,-2.008262734555017e-72,-3.3174603649635686e-262,8.78169119808613e-239,2.0615662786602755e-137,1.0
474,-1.4207078674015332e-72,-9.334135545097672e-263,2.7716150240251813e-239,1.0639576763817937e-137,1.0
475,-1.0050531784347649e-72,-2.626288690421554e-263,8.747574548142023e-240,5.490999483496541e-138,1.0
476,-7.11006051743311e-73,-7.389428032313823e-264,2.760847369205447e-240,2.8338604060167315e-138,1.0
477,-5.0298791791585207e-73,-2.0791182189487607e-264,8.713590440526856e-241,1.4625324269153836e-138,1.0
478,-3.558293842211366e-73,-5.849887906697842e-265,2.7501215464544922e-241,7.548011522506775e-139,1.0
479,-2.517248350612974e-73,-1.6459472197897678e-265,8.679738360317003e-242,3.895467676163275e-139,1.0
480,-1.7807802108680776e-73,-4.6311011314111295e-266,2.7394373932557803e-242,2.01041934962405e-139,1.0
481,-1.259779615565998e-73,-1.3030246311359135e-266,8.646017794589309e-243,1.0375611601335696e-139,1.0
482,-8.912075000103334e-74,-3.666240794939257e-267,2.728794747724146e-243,5.354769198869039e-140,1.0
483,-6.304680582705132e-74,-1.0315477731805687e-267,8.612428232413313e-244,2.7635530583532353e-140,1.0
484,-4.460128224849795e-74,-2.90240294588021e-268,2.7181934486033446e-244,1.4262473736396613e-140,1.0
485,-3.155234198013321e-74,-8.166313843401162e-269,8.578969164843501e-245,7.360747298357186e-141,1.0
486,-2.232111352504454e-74,-2.2977058331471898e-269,2.7076333352636072e-245,3.79882212522561e-141,1.0
487,-1.5790653806669434e-74,-6.464914521923148e-270,8.545640084911604e-246,1.9605413627396803e-141,1.0
488,-1.1170802359941241e-74,-1.8189935009446197e-270,2.697114247699208e-246,1.0118195346629677e-141,1.0
489,-7.902574959382816e-75,-5.117990880248327e-271,8.512440487618911e-247,5.2219187525579445e-142,1.0
490,-5.590528681504021e-75,-1.4400178250610765e-271,2.6866360265260393e-247,2.6949900178987265e-142,1.0
491,-3.9549148346401757e-75,-4.0516901749403245e-272,8.479369869928616e-248,1.3908625432013907e-142,1.0
492,-2.797830445089307e-75,-1.139999310287127e-272,2.6761985129791965e-248,7.178129051435085e-143,1.0
493,-1.9792727597839206e-75,-3.2075464098739146e-273,8.446427730758201e-249,3.704574325544669e-143,1.0
494,-1.4001994525789105e-75,-9.024877364972925e-274,2.6658015489105727e-249,1.9119008358788142e-143,1.0
495,-9.905448843828463e-76,-2.539274605725886e-274,8.413613570971841e-250,9.867165522982657e-144,1.0
496,-7.007424307800395e-76,-7.144601818424485e-275,2.655444976786463e-250,5.0923642916440895e-144,1.0
497,-4.957271114488247e-76,-2.010232962938739e-275,8.38092689337284e-251,2.628128008840071e-144,1.0
498,-3.506928626426135e-76,-5.656069670481068e-276,2.6451286396851763e-251,1.3563556013035563e-144,1.0
499,-2.4809109905050474e-76,-1.591413766818763e-276,8.348367202696098e-252,7.000041516240628e-145,1.0
500,-1.755074025866655e-76,-4.477663686566432e-277,2.6348523812946585e-252,3.6126647895285926e-145,1.0
501,-1.241594256327884e-76,-1.2598528747224925e-277,8.31593400560061e-253,1.8644670679766044e-145,1.0
502,-8.783426081331077e-77,-3.544771061543592e-278,2.624616045910124e-253,9.622363684682966e-146,1.0
503,-6.213670314034811e-77,-9.973705764273993e-279,8.283626810661986e-254,4.966024043577657e-146,1.0
504,-4.395744714420866e-77,-2.8062406554683213e-279,2.614419478431696e-254,2.5629248290259274e-146,1.0
505,-3.1096872891236455e-77,-7.895747882007536e-280,8.251445128365009e-255,1.3227047677573054e-146,1.0
506,-2.1998900446636147e-77,-2.221578341641636e-280,2.6042625243620577e-255,6.826372286981376e-147,1.0
507,-1.5562710197699414e-77,-6.250719250164743e-281,8.219388471096214e-256,3.523035505457372e-147,1.0
508,-1.1009547921955883e-77,-1.7587266859789514e-281,2.5941450298041096e-256,1.818210119653725e-147,1.0
509,-7.788498526674436e-78,-4.9484218250451464e-282,8.187456353136506e-257,9.383635317016288e-148,1.0
510,-5.509827445233854e-78,-1.3923072159988935e-282,2.5840668414586394e-257,4.842818264564761e-148,1.0
511,-3.89782425614898e-78,-3.91744974915291e-283,8.155648290653793e-258,2.499339323329474e-148,1.0
512,-2.757442784340865e-78,-1.102228901839606e-283,2.5740278066219975e-258,1.2898888027346702e-148,1.0
513,-1.9507012654351148e-78,-3.1012741192487533e-284,8.123963801695662e-259,6.657011746623688e-149,1.0
514,-1.3799870838951084e-78,-8.725865513660525e-285,2.564027773183785e-259,3.435629900866851e-149,1.0
515,-9.762460226284551e-79,-2.4551434679671024e-285,8.092402406182067e-260,1.7731007943191494e-149,1.0
516,-6.906269687740925e-79,-6.907887176194721e-286,2.554066589624547e-260,9.150829738738616e-150,1.0
517,-4.8857111726192146e-79,-1.9436300102880543e-286,8.060963625898068e-261,4.7226691892345234e-150,1.0
518,-3.4563048854908344e-79,-5.468673011786687e-287,2.5441441050134794e-261,2.4373313576719962e-150,1.0
519,-2.4450981728957945e-79,-1.5386871138819172e-287,8.029646984486573e-262,1.2578869933623488e-150,1.0
520,-1.7297389186340073e-79,-4.329309924589461e-288,2.534260169006139e-262,6.491852997704324e-151,1.0
521,-1.2236714091089618e-79,-1.218111483098258e-288,7.998452007441128e-263,3.350392806841156e-151,1.0
522,-8.656634254683951e-80,-3.427325858165589e-289,2.5244146318421677e-263,1.7291106197417646e-151,1.0
523,-6.123973810414881e-80,-9.643257370970014e-290,7.967378222098724e-264,8.92380000696885e-152,1.0
524,-4.332290602476953e-80,-2.7132644099542936e-290,2.514607344343023e-264,4.605500981554916e-152,1.0
525,-3.0647978657894668e-80,-7.634146300488191e-291,7.936425157632636e-265,2.3768617936909496e-152,1.0
526,-2.168133862667778e-80,-2.147973102932467e-291,2.5048381579097163e-265,1.2266791406480987e-152,1.0
527,-1.533805703442635e-80,-6.043620686999785e-292,7.905592345045288e-266,6.330791794858608e-153,1.0
528,-1.0850621248166161e-80,-1.7004566285521184e-292,2.4951069245205634e-266,3.2672704231910186e-153,1.0
529,-7.676068827159525e-81,-4.784470924534943e-293,7.874879317161149e-267,1.686211830079184e-153,1.0
530,-5.430291159526785e-81,-1.3461773527979547e-293,2.4854134967289396e-267,8.702402824440953e-154,1.0
531,-3.8415578001202745e-81,-3.787656971417914e-294,7.844285608619652e-268,4.4912396869663496e-154,1.0
532,-2.717638133597048e-81,-1.0657099009512115e-294,2.4757577276610475e-268,2.317892464036495e-154,1.0
533,-1.9225422105973817e-81,-2.9985228376166183e-295,7.813810755868146e-269,1.1962455467314779e-154,1.0
534,-1.3600664878205998e-81,-8.436760510231981e-296,2.4661394710136906e-269,6.173726479022547e-155,1.0
535,-9.621535699431478e-82,-2.3737997594704497e-296,7.78345429715487e-270,3.186210284496032e-155,1.0
536,-6.806575269991166e-82,-6.679015353378835e-297,2.4565585810520562e-270,1.644377348352431e-155,1.0
537,-4.815184223532306e-82,-1.8792337438193056e-297,7.753215772521954e-271,8.486498449057214e-156,1.0
538,-3.406411915956746e-82,-5.28748517118256e-298,2.4470149126075076e-271,4.3798131857028404e-156,1.0
539,-2.4098023258308383e-82,-1.487707398157686e-298,7.723094723798457e-272,2.260386148280923e-156,1.0
540,-1.704769532532793e-82,-4.18587141311662e-299,2.437508321075385e-272,1.1665670024508948e-156,1.0
541,-1.2060072844564463e-82,-1.1777530654781202e-299,7.693090694593418e-273,6.02055791326737e-157,1.0
542,-8.53167271238779e-83,-3.3137718442486324e-300,2.4280386624128148e-273,3.1071612269893706e-157,1.0
543,-6.035572107187478e-83,-9.323757379716187e-301,7.663203230288945e-274,1.60358076935541e-157,1.0
544,-4.2697524728259556e-83,-2.62336864943468e-301,2.4186057931365245e-274,8.275950605685404e-158,1.0
545,-3.020556436976899e-83,-7.381212091392094e-302,7.633431878033323e-275,4.271151147271242e-158,1.0
546,-2.1368360922627384e-83,-2.0768065498477863e-302,2.409209570320672e-275,2.2043065494257638e-158,1.0
547,-1.5116646818116088e-83,-5.843383704582334e-303,7.603776186734157e-276,1.137624775219116e-158,1.0
548,-1.0693988736481994e-83,-1.644117172178648e-303,2.399849851594678e-276,5.871189420226008e-159,1.0
549,-7.565262089668643e-84,-4.625952038256444e-304,7.574235707051532e-277,3.030073356264102e-159,1.0
550,-5.351903007914106e-84,-1.3015758622539165e-304,2.3905264951410695e-277,1.563796342988397e-159,1.0
551,-3.786103570058154e-84,-3.6621644824500716e-305,7.54480999139121e-278,8.070626400144279e-160,1.0
552,-2.6784080769045874e-84,-1.0304008460401552e-305,2.381239359693331e-278,4.1651849860598556e-160,1.0
553,-1.8947896415621672e-84,-2.8991759070579723e-306,7.515498593897844e-279,2.1496182709917407e-160,1.0
554,-1.3404334525157497e-84,-8.15723412142643e-307,2.371988304533763e-279,1.1094005971995782e-160,1.0
555,-9.482645467398401e-85,-2.2951511272486952e-307,7.486301070448224e-280,5.725526721072002e-161,1.0
556,-6.708319976020212e-85,-6.4577265020190525e-308,2.362773189491352e-280,2.9548980157806945e-161,1.0
557,-4.745675355615521e-85,-1.8169710517001834e-308,7.457216978644548e-281,1.5249989580050171e-161,1.0
558,-3.357239168883176e-85,-5.112300438372965e-309,2.353593874939644e-281,7.870396235323035e-162,1.0
559,-2.3750159866596113e-85,-1.43841674019697e-309,7.428245877807717e-282,4.0618478180483586e-162,1.0
560,-1.6801605882506042e-85,-4.0471853002782e-310,2.3444502217946315e-282,2.096286794677122e-162,1.0
561,-1.1885981476196278e-85,-1.1387318012264e-310,7.399387328970661e-283,1.0818766537760434e-162,1.0
562,-8.408515033648019e-86,-3.20398009707e-311,2.3353420915126443e-283,5.583477876012319e-163,1.0
563,-5.948446513456202e-86,-9.014843048524e-312,7.370640894871685e-284,2.881587756155846e-163,1.0
564,-4.2081171029431995e-86,-2.53645131141e-312,2.3262693460882506e-284,1.4871641261624588e-163,1.0
565,-2.9769536486584486e-86,-7.13665808773e-313,7.342006139947843e-285,7.675133729381852e-164,1.0
566,-2.1059901161168973e-86,-2.00799788396e-313,2.317231848052167e-285,3.961074418591769e-164,1.0
567,-1.4898432735695309e-86,-5.6497809655e-314,7.313482630328344e-286,2.044278458570361e-164,1.0
568,-1.0539617269871227e-86,-1.589644352e-314,2.3082294604691736e-286,1.0550355723083196e-164,1.0
569,-7.456054886177499e-87,-4.47268519e-315,7.285069933827972e-287,5.444953226256541e-165,1.0
570,-5.274646416678714e-87,-1.258452106e-315,2.299262046936042e-287,2.810096305213246e-165,1.0
571,-3.7314498411967927e-87,-3.5408298e-316,7.256767619940537e-288,1.4502679667649145e-165,1.0
572,-2.6397443197974425e-87,-9.9626164e-317,2.2903294715794655e-288,7.484715635981845e-166,1.0
573,-1.8674376905647823e-87,-2.8031205e-317,7.228575259832361e-289,3.862801181251768e-166,1.0
574,-1.3210838269403013e-87,-7.886972e-318,2.281431599054003e-289,1.9935604359032793e-166,1.0
575,-9.345760164428296e-88,-2.219106e-318,7.200492426335771e-290,1.0288604111669495e-166,1.0
576,-6.61148303157312e-88,-6.24375e-319,2.272568294540026e-290,5.309865337425776e-167,1.0
577,-4.677169872511194e-88,-1.7568e-319,7.172518693942627e-291,2.740378538777376e-167,1.0
578,-3.3087762476070786e-88,-4.943e-320,2.2637394237416774e-291,1.4142871915904966e-167,1.0
579,-2.3407318004575164e-88,-1.391e-320,7.144653638797881e-292,7.2990217664940925e-168,1.0
580,-1.6559068826837538e-88,-3.913e-321,2.254944852884836e-292,3.766966077649411e-168,1.0
581,-1.1714403177602295e-88,-1.1e-321,7.11689683869315e-293,1.944100714331371e-168,1.0
582,-8.287135179063478e-89,-3.1e-322,2.2461844487150897e-293,1.003334649039944e-168,1.0
583,-5.862578608134281e-89,-9e-323,7.089247873060319e-294,5.1781289443655826e-169,1.0
584,-4.147371461175777e-89,-2.5e-323,2.2374580784957168e-294,2.672390452191905e-169,1.0
585,-2.93398028183528e-89,-5e-324,7.061706322965172e-295,1.379199090192112e-169,1.0
586,-2.075589412422151e-89,-0.0,2.228765610005674e-295,7.117934914138636e-170,1.0
587,-1.4683368649853776e-89,-0.0,7.034271771101041e-296,3.673508618313876e-170,1.0
588,-1.0387474209357641e-89,-0.0,2.2201069115375932e-296,1.8958680757281624e-170,1.0
589,-7.348424126853524e-90,-0.0,7.006943801782481e-297,9.784421745048145e-171,1.0
590,-5.1985050513509075e-90,-0.0,2.2114818518957868e-297,5.049660897328062e-171,1.0
591,-3.6775850580214585e-90,-0.0,6.979722000938978e-298,2.606089132544703e-171,1.0
592,-2.6016386875430896e-90,-0.0,2.2028903003942586e-298,1.3449815155630173e-171,1.0
593,-1.840480574543773e-90,-0.0,6.952605956108671e-299,6.941340780005578e-172,1.0
594,-1.3020135199757147e-90,-0.0,2.1943321268547247e-299,3.58236981450255e-172,1.0
595,-9.210850848669103e-91,-0.0,6.925595256432102e-300,1.848832076480867e-172,1.0
596,-6.516043962278577e-91,-0.0,2.18580720160464e-300,9.541672758593196e-173,1.0
597,-4.609653290008715e-91,-0.0,6.898689492645993e-301,4.9243801094891745e-173,1.0
598,-3.26101290554487e-91,-0.0,2.1773153954752347e-301,2.541432731581953e-173,1.0
599,-2.3069425184708614e-91,-0.0,6.871888257077042e-302,1.3116128701580091e-173,1.0
600,-1.632003287837173e-91,-0.0,2.1688565797995557e-302,6.76912790091157e-174,1.0
601,-1.1545301671741606e-91,-0.0,6.845191143635749e-303,3.493492140968352e-174,1.0
602,-8.167507485120853e-92,-0.0,2.1604306264105183e-303,1.8029630282748993e-174,1.0
603,-5.7779502360497646e-92,-0.0,6.818597747810259e-304,9.304946312045086e-175,1.0
604,-4.0875027039872425e-92,-0.0,2.1520374076389636e-304,4.8022075057681223e-175,1.0
605,-2.8916272505880267e-92,-0.0,6.79210766666024e-305,2.4783804392942476e-175,1.0
606,-2.0456275535149755e-92,-0.0,2.1436767963117237e-305,1.2790720922614243e-175,1.0
607,-1.4471409089289454e-92,-0.0,6.765720498810768e-306,6.60118757904617e-176,1.0
608,-1.0237527387120047e-92,-0.0,2.135348665749696e-306,3.406819499650781e-176,1.0
609,-7.242347055173951e-93,-0.0,6.739435844446253e-307,1.7582319793551225e-176,1.0
610,-5.123462813254767e-93,-0.0,2.1270528897659224e-307,9.074092987738026e-177,1.0
611,-3.6244978318253163e-93,-0.0,6.713253305304379e-308,4.683065972916524e-177,1.0
612,-2.564083123414128e-93,-0.0,2.118789342663679e-308,2.4168924581580173e-177,1.0
613,-1.8139125939181999e-93,-0.0,6.68717248467007e-309,1.2473386426933488e-177,1.0
614,-1.283218499560178e-93,-0.0,2.110557899234566e-309,6.437413813363654e-178,1.0
615,-9.077888996054524e-94,-0.0,6.6611929873695e-310,3.322297184267788e-178,1.0
616,-6.421982589319989e-94,-0.0,2.1023584347566e-310,1.7146106962519963e-178,1.0
617,-4.5431113329821284e-94,-0.0,6.635314419764e-311,8.848967075020074e-179,1.0
618,-3.2139390440259924e-94,-0.0,2.0941908249926e-311,4.566880310845848e-179,1.0
619,-2.273640996584255e-94,-0.0,6.609536389745e-312,2.3569299780160113e-179,1.0
620,-1.6084447497401998e-94,-0.0,2.086054946186e-312,1.2163924918456362e-179,1.0
621,-1.13786412052451e-94,-0.0,6.58385850674e-313,6.277703232676965e-180,1.0
622,-8.049606658768638e-95,-0.0,2.07795067504e-313,3.239871845786105e-180,1.0
623,-5.6945435041069705e-95,-0.0,6.5582803813e-314,1.6720716459610959e-180,1.0
624,-4.0284981732420986e-95,-0.0,2.069877889e-314,8.629426478283076e-181,1.0
625,-2.849885600155751e-95,-0.0,6.53280163e-315,4.453577185162417e-181,1.0
626,-2.0160982045174208e-95,-0.0,2.061836463e-315,2.2984551515809968e-181,1.0
627,-1.4262509239094467e-95,-0.0,6.5074218e-316,1.1862141070395667e-181,1.0
628,-1.0089745099691017e-95,-0.0,2.0538263e-316,6.121955030411611e-182,1.0
629,-7.137801243114385e-96,-0.0,6.482141e-317,3.159491458748258e-182,1.0
630,-5.04950383610439e-96,-0.0,2.0458473e-317,1.630587978564754e-182,1.0
631,-3.572176938301495e-96,-0.0,6.45696e-318,8.415332627274369e-183,1.0
632,-2.5270696869848348e-96,-0.0,2.0379e-318,4.343085080879995e-183,1.0
633,-1.787728131382567e-96,-0.0,6.4319e-319,2.241431070547203e-183,1.0
634,-1.2646947918361002e-96,-0.0,2.03e-319,1.156784440197155e-183,1.0
635,-8.946846494273127e-97,-0.0,6.407e-320,5.970070900978282e-184,1.0
636,-6.329279025169025e-97,-0.0,2.022e-320,3.081105288434989e-184,1.0
637,-4.477529932371904e-97,-0.0,6.38e-321,1.590133510284854e-184,1.0
638,-3.1675447101577187e-97,-0.0,2.016e-321,8.206550389633606e-185,1.0
639,-2.2408201938101028e-97,-0.0,6.37e-322,4.235334257280759e-185,1.0
640,-1.585226287378001e-97,-0.0,2e-322,2.1858217422944297e-185,1.0
641,-1.1214386540856024e-97,-0.0,6.4e-323,1.1280849158183304e-185,1.0
642,-7.93340777206935e-98,-0.0,2e-323,5.8219549777240426e-186,1.0
643,-5.612340777503294e-98,-0.0,5e-324,3.0046638588423714e-186,1.0
644,-3.9703453935294496e-98,-0.0,0.0,1.5506827069560776e-186,1.0
645,-2.8087465050426133e-98,-0.0,0.0,8.002947985599536e-187,1.0
646,-1.98699512199771e-98,-0.0,0.0,4.1302567038961496e-187,1.0
647,-1.4056624931279779e-98,-0.0,0.0,2.131592067170123e-187,1.0
648,-9.94409610125374e-99,-0.0,0.0,1.1000974192563996e-187,1.0
649,-7.034764586406794e-99,-0.0,0.0,5.6775137724229624e-188,1.0
650,-4.976612482649254e-99,-0.0,0.0,2.930118921453411e-188,1.0
651,-3.5206113151699165e-99,-0.0,0.0,1.5122106679091804e-188,1.0
652,-2.4905905524523065e-99,-0.0,0.0,7.804396904832895e-189,1.0
653,-1.7619216507191465e-99,-0.0,0.0,4.027786097579843e-189,1.0
654,-1.246438480309914e-99,-0.0,0.0,2.078707816335082e-189,1.0
655,-8.817695636824524e-100,-0.0,0.0,1.072804285284395e-189,1.0
656,-6.237913669380784e-100,-0.0,0.0,5.536656116267944e-190,1.0
657,-4.41289522221031e-100,-0.0,0.0,2.8574234247844067e-190,1.0
658,-3.121820094720814e-100,-0.0,0.0,1.4746931102541158e-190,1.0
659,-2.208473170799932e-100,-0.0,0.0,7.610771825302863e-191,1.0
660,-1.562342991638437e-100,-0.0,0.0,3.927857760645709e-191,1.0
661,-1.1052502949979763e-100,-0.0,0.0,2.0271356101588005e-191,1.0
662,-7.818886256929014e-101,-0.0,0.0,1.0461882869450849e-191,1.0
663,-5.531324676000684e-101,-0.0,0.0,5.39929310232654e-192,1.0
664,-3.913032069525326e-101,-0.0,0.0,2.786531484686865e-192,1.0
665,-2.7682012671518978e-101,-0.0,0.0,1.4381063535530925e-192,1.0
666,-1.958312152650191e-101,-0.0,0.0,7.421950534185976e-193,1.0
667,-1.3853712635436744e-101,-0.0,0.0,3.8304086200443755e-193,1.0
668,-9.800549597035713e-102,-0.0,0.0,1.9768428971508166e-193,1.0
669,-6.933215299865993e-102,-0.0,0.0,1.020232624677615e-193,1.0
670,-4.904773341368024e-102,-0.0,0.0,5.265338029424425e-194,1.0
671,-3.469790059838388e-102,-0.0,0.0,2.717398355386211e-194,1.0
672,-2.4546380069818437e-102,-0.0,0.0,1.4024273048738882e-194,1.0
673,-1.736487695627451e-102,-0.0,0.0,7.237813850727474e-195,1.0
674,-1.2284457050240072e-102,-0.0,0.0,3.735377167552597e-195,1.0
675,-8.69040911716135e-103,-0.0,0.0,1.9277979334147752e-195,1.0
676,-6.14786720444964e-103,-0.0,0.0,9.949209157139145e-196,1.0
677,-4.3491935366897056e-103,-0.0,0.0,5.134706347421109e-196,1.0
678,-3.0767555300955514e-103,-0.0,0.0,2.64998040123903e-196,1.0
679,-2.1765930883771896e-103,-0.0,0.0,1.3676334442139905e-196,1.0
680,-1.5397900242741168e-103,-0.0,0.0,7.05824555101647e-197,1.0
681,-1.0892956205341099e-103,-0.0,0.0,3.6427034209503254e-197,1.0
682,-7.706017899902672e-104,-0.0,0.0,1.8799697626122217e-197,1.0
683,-5.4514780702508936e-104,-0.0,0.0,9.702371837381734e-198,1.0
684,-3.8565460833930524e-104,-0.0,0.0,5.007315603843331e-198,1.0
685,-2.7282413139469523e-104,-0.0,0.0,2.5842350691909903e-198,1.0
686,-1.9300432319943275e-104,-0.0,0.0,1.333702810286354e-198,1.0
687,-1.3653729449533361e-104,-0.0,0.0,6.883132294627401e-199,1.0
688,-9.659075236797727e-105,-0.0,0.0,3.552328886160961e-199,1.0
689,-6.833131912783556e-105,-0.0,0.0,1.8333281964234964e-199,1.0
690,-4.833971223210055e-105,-0.0,0.0,9.461658488028673e-200,1.0
691,-3.419702427097442e-105,-0.0,0.0,4.883085391842484e-200,1.0
692,-2.4192044490762103e-105,-0.0,0.0,2.520120861918094e-200,1.0
693,-1.7114208885705969e-105,-0.0,0.0,1.300613986657816e-200,1.0
694,-1.2107126617406045e-105,-0.0,0.0,6.71236355308151e-201,1.0
695,-8.564960022915797e-106,-0.0,0.0,3.464196520330898e-201,1.0
696,-6.059120591724914e-106,-0.0,0.0,1.7878437954933836e-201,1.0
697,-4.286411407273162e-106,-0.0,0.0,9.226917174949622e-202,1.0
698,-3.0323414882176755e-106,-0.0,0.0,4.761937299443193e-202,1.0
699,-2.1451732060912292e-106,-0.0,0.0,2.457597311634277e-202,1.0
700,-1.517562616879444e-106,-0.0,0.0,1.2683460882314117e-202,1.0
701,-1.0735712573747508e-106,-0.0,0.0,6.545831540083161e-203,1.0
702,-7.594778837074918e-107,-0.0,0.0,3.378250695825053e-203,1.0
703,-5.3727840781738155e-107,-0.0,0.0,1.7434878508494982e-203,1.0
704,-3.8008754922211704e-107,-0.0,0.0,8.997999733460928e-204,1.0
705,-2.688858196638692e-107,-0.0,0.0,4.6437948600510165e-204,1.0
706,-1.9021823830924828e-107,-0.0,0.0,2.3966249545488366e-204,1.0
707,-1.3456633090843489e-107,-0.0,0.0,1.236878748064059e-204,1.0
708,-9.519643108416905e-108,-0.0,0.0,6.3834311434869915e-205,1.0
709,-6.734493264388247e-108,-0.0,0.0,3.294437165115659e-205,1.0
710,-4.7641911583839655e-108,-0.0,0.0,1.7002323657816733e-205,1.0
711,-3.3703378268484708e-108,-0.0,0.0,8.774761674806622e-206,1.0
712,-2.384282386968443e-108,-0.0,0.0,4.528583504188051e-206,1.0
713,-1.6867159296383267e-108,-0.0,0.0,2.3371653059575643e-206,1.0
714,-1.1932356011374335e-108,-0.0,0.0,1.2061921045112938e-206,1.0
715,-8.441321830209502e-109,-0.0,0.0,6.2250598589529146e-207,1.0
716,-5.97165506738551e-109,-0.0,0.0,3.212703026542158e-207,1.0
717,-4.2245355598467914e-109,-0.0,0.0,1.6580500381709197e-207,1.0
718,-2.9885685785638696e-109,-0.0,0.0,8.5570620949596e-208,1.0
719,-2.1142068807921652e-109,-0.0,0.0,4.4162305124259565e-208,1.0
720,-1.495656069882423e-109,-0.0,0.0,2.279180835951864e-208,1.0
721,-1.058073880895689e-109,-0.0,0.0,1.1762667886909427e-208,1.0
722,-7.485145549014305e-110,-0.0,0.0,6.070617725247162e-209,1.0
723,-5.295226061388067e-110,-0.0,0.0,3.132996690920582e-209,1.0
724,-3.746008525498319e-110,-0.0,0.0,1.6169142432567976e-209,1.0
725,-2.6500435883992555e-110,-0.0,0.0,8.34476358568543e-210,1.0
726,-1.8747237152862037e-110,-0.0,0.0,4.306664969486706e-210,1.0
727,-1.3262381887006906e-110,-0.0,0.0,2.222634945730517e-210,1.0
728,-9.382223731562312e-111,-0.0,0.0,1.147083912257816e-210,1.0
729,-6.637278499371957e-111,-0.0,0.0,5.920007261148457e-211,1.0
730,-4.6954183931925434e-111,-0.0,0.0,3.055267848981347e-211,1.0
731,-3.3216858218646404e-111,-0.0,0.0,1.576799016832324e-211,1.0
732,-2.349864437037852e-111,-0.0,0.0,8.137732147812625e-212,1.0
733,-1.6623675954264402e-111,-0.0,0.0,4.1998177194820744e-212,1.0
734,-1.1760108280149995e-111,-0.0,0.0,2.1674919444991476e-212,1.0
735,-8.319468398045555e-112,-0.0,0.0,1.118625055481708e-212,1.0
736,-5.885452138472647e-112,-0.0,0.0,5.773133403919539e-213,1.0
737,-4.16355291191318e-112,-0.0,0.0,2.9794674396149e-213,1.0
738,-2.945427546166305e-112,-0.0,0.0,1.53767903885581e-213,1.0
739,-2.083687565226304e-112,-0.0,0.0,7.935837106654662e-214,1.0
740,-1.4740657515510237e-112,-0.0,0.0,4.0956213222636316e-214,1.0
741,-1.0428002144648277e-112,-0.0,0.0,2.113717026942807e-214,1.0
742,-7.377094855800603e-113,-0.0,0.0,1.0908722556211827e-214,1.0
743,-5.218787621693118e-113,-0.0,0.0,5.629903449305214e-215,1.0
744,-3.691933582624585e-113,-0.0,0.0,2.9055476189052023e-215,1.0
745,-2.611789282601451e-113,-0.0,0.0,1.499529617469291e-215,1.0
746,-1.8476614229507503e-113,-0.0,0.0,7.738951029530388e-216,1.0
747,-1.307093476721848e-113,-0.0,0.0,3.994010010855686e-216,1.0
748,-9.246788051461894e-114,-0.0,0.0,2.0612762512574567e-216,1.0
749,-6.54146706348024e-114,-0.0,0.0,1.063807995585797e-216,1.0
750,-4.627638386913355e-114,-0.0,0.0,5.490226993019004e-217,1.0
751,-3.273736125584136e-114,-0.0,0.0,2.833461729931458e-217,1.0
752,-2.3159433222488945e-114,-0.0,0.0,1.462326673413443e-217,1.0
753,-1.6383707379324028e-114,-0.0,0.0,7.546949645330677e-218,1.0
754,-1.1590347005153043e-114,-0.0,0.0,3.8949196499442893e-218,1.0
755,-8.199373962781473e-115,-0.0,0.0,2.0101365177264856e-218,1.0
756,-5.800493578979867e-115,-0.0,0.0,1.0374151928796161e-218,1.0
757,-4.103450569825337e-115,-0.0,0.0,5.3540158736815264e-219,1.0
758,-2.9029092696558478e-115,-0.0,0.0,2.7631642733190783e-219,1.0
759,-2.0536088066518463e-115,-0.0,0.0,1.426046724829174e-219,1.0
760,-1.4527870970138863e-115,-0.0,0.0,7.359711766080662e-220,1.0
761,-1.0277470287493995e-115,-0.0,0.0,3.798287695396137e-220,1.0
762,-7.270603912123834e-116,-0.0,0.0,1.9602655478287354e-220,1.0
763,-5.143452597602198e-116,-0.0,0.0,1.0116771888190342e-220,1.0
764,-3.6386392304587714e-116,-0.0,0.0,5.221184117174539e-221,1.0
765,-2.5740871910836217e-116,-0.0,0.0,2.6946108785212506e-221,1.0
766,-1.820989784267607e-116,-0.0,0.0,1.3906668724362742e-221,1.0
767,-1.2882251253544513e-116,-0.0,0.0,7.177119210447946e-222,1.0
768,-9.1133074327594e-117,-0.0,0.0,3.704053154781782e-222,1.0
769,-6.447038699166507e-117,-0.0,0.0,1.911631863864856e-222,1.0
770,-4.560836808724381e-117,-0.0,0.0,9.865777380181014e-223,1.0
771,-3.226478599935261e-117,-0.0,0.0,5.09164788237556e-223,1.0
772,-2.2825118706125813e-117,-0.0,0.0,2.6277582758130163e-223,1.0
773,-1.6147202834668978e-117,-0.0,0.0,1.3561647850797856e-223,1.0
774,-1.1423036293518443e-117,-0.0,0.0,6.999056729148598e-224,1.0
775,-8.081013132681971e-118,-0.0,0.0,3.6121565488782613e-224,1.0
776,-5.716761425999496e-118,-0.0,0.0,1.8642047690891194e-224,1.0
777,-4.044215826060577e-118,-0.0,0.0,9.621009981347136e-225,1.0
778,-2.8610047593335196e-118,-0.0,0.0,4.965325408238785e-225,1.0
779,-2.0239642454745796e-118,-0.0,0.0,2.5625642689801606e-225,1.0
780,-1.4318156072951664e-118,-0.0,0.0,1.3225186856349594e-225,1.0
781,-1.0129111410331851e-118,-0.0,0.0,6.825411932203764e-226,1.0
782,-7.165650202454059e-119,-0.0,0.0,3.52253987412683e-226,1.0
783,-5.069205060925248e-119,-0.0,0.0,1.817954328334162e-226,1.0
784,-3.586114200901073e-119,-0.0,0.0,9.382315198711978e-227,1.0
785,-2.5369293424395525e-119,-0.0,0.0,4.842136962188921e-227,1.0
786,-1.7947031600147094e-119,-0.0,0.0,2.498987708685688e-227,1.0
787,-1.2696291452364443e-119,-0.0,0.0,1.2897073372619096e-227,1.0
788,-8.981753653459955e-120,-0.0,0.0,6.656075218001056e-228,1.0
789,-6.353973441308929e-120,-0.0,0.0,3.435146566022119e-228,1.0
790,-4.4949995346740265e-120,-0.0,0.0,1.7728513491164227e-228,1.0
791,-3.179903253192926e-120,-0.0,0.0,9.149542372229837e-229,1.0
792,-2.2495630136700895e-120,-0.0,0.0,4.7220047897953635e-229,1.0
793,-1.5914112315810858e-120,-0.0,0.0,2.43698846649707e-229,1.0
794,-1.1258140770507201e-120,-0.0,0.0,1.2577100300012854e-229,1.0
795,-7.964360882550333e-121,-0.0,0.0,6.490939704115896e-230,1.0
796,-5.634237975924707e-121,-0.0,0.0,3.349921463409583e-230,1.0
797,-3.985836156533747e-121,-0.0,0.0,1.728867363210347e-230,1.0
798,-2.8197051552697883e-121,-0.0,0.0,8.922544579691975e-231,1.0
799,-1.994747613903257e-121,-0.0,0.0,4.604853065694923e-231,1.0
800,-1.411146848363309e-121,-0.0,0.0,2.376527409557864e-231,1.0
801,-9.982894145435872e-122,-0.0,0.0,1.2265065677024994e-231,1.0
802,-7.062211536280891e-122,-0.0,0.0,6.329901159849166e-232,1.0
803,-4.996029313401207e-122,-0.0,0.0,3.26681077366873e-232,1.0
804,-3.534347388510647e-122,-0.0,0.0,1.6859746086797334e-232,1.0
805,-2.500307880333065e-122,-0.0,0.0,8.70117854399186e-233,1.0
806,-1.7687959923741357e-122,-0.0,0.0,4.490607845732166e-233,1.0
807,-1.2513016045936065e-122,-0.0,0.0,2.31756637588773e-233,1.0
808,-8.852098898963051e-123,-0.0,0.0,1.196077255276264e-233,1.0
809,-6.2622516129892e-123,-0.0,0.0,6.17285794043857e-234,1.0
810,-4.43011264469488e-123,-0.0,0.0,3.1857620387601463e-234,1.0
811,-3.1340002378660905e-123,-0.0,0.0,1.6441460123548752e-234,1.0
812,-2.2170897849982753e-123,-0.0,0.0,8.485304542691115e-235,1.0
813,-1.568438654009358e-123,-0.0,0.0,4.379197020287136e-235,1.0
814,-1.1095625572027073e-123,-0.0,0.0,2.2600681502952433e-235,1.0
815,-7.849392548437317e-124,-0.0,0.0,1.1664028862633923e-235,1.0
816,-5.552905780706435e-124,-0.0,0.0,6.019710922902233e-236,1.0
817,-3.928299217949245e-124,-0.0,0.0,3.106724102114882e-236,1.0
818,-2.7790017254313046e-124,-0.0,0.0,1.6033551727444432e-236,1.0
819,-1.9659527346243895e-124,-0.0,0.0,8.27478631982912e-237,1.0
820,-1.3907764501935553e-124,-0.0,0.0,4.2705502687609957e-237,1.0
821,-9.838787577884176e-125,-0.0,0.0,2.2039964408883047e-237,1.0
822,-6.960266043421716e-125,-0.0,0.0,1.1374647307120069e-237,1.0
823,-4.923909883378894e-125,-0.0,0.0,5.870363443473943e-238,1.0
824,-3.483327848157568e-125,-0.0,0.0,3.0296470763452993e-238,1.0
825,-2.464215061836938e-125,-0.0,0.0,1.5635763433713136e-238,1.0
826,-1.7432628037570072e-125,-0.0,0.0,8.069490999920576e-239,1.0
827,-1.2332386284082523e-125,-0.0,0.0,4.164599015190872e-239,1.0
828,-8.724315756181659e-126,-0.0,0.0,2.1493158561673204e-239,1.0
829,-6.171853821332202e-126,-0.0,0.0,1.1092445233555189e-239,1.0
830,-4.366162419660565e-126,-0.0,0.0,5.724721236590673e-240,1.0
831,-3.088759848615687e-126,-0.0,0.0,2.954482311757017e-240,1.0
832,-2.1850853187367444e-126,-0.0,0.0,1.5247844165218387e-240,1.0
833,-1.5457976936273396e-126,-0.0,0.0,7.8692890040868e-241,1.0
834,-1.0935456337261148e-126,-0.0,0.0,4.0612763849658926e-241,1.0
835,-7.736083822426399e-127,-0.0,0.0,2.0959918826866987e-241,1.0
836,-5.472747644164293e-127,-0.0,0.0,1.0817244520839048e-241,1.0
837,-3.87159284519125e-127,-0.0,0.0,5.582692375393758e-242,1.0
838,-2.73888586383467e-127,-0.0,0.0,2.8811823656420547e-242,1.0
839,-1.9375735194961664e-127,-0.0,0.0,1.4869549073982867e-242,1.0
840,-1.3707001058439796e-127,-0.0,0.0,7.674053968267749e-243,1.0
841,-9.69676123902257e-128,-0.0,0.0,3.960517162617076e-243,1.0
842,-6.859792169397644e-128,-0.0,0.0,2.043990863270554e-243,1.0
843,-4.852831522545824e-128,-0.0,0.0,1.054887146701009e-243,1.0
844,-3.4330447927086885e-128,-0.0,0.0,5.444187213706256e-244,1.0
845,-2.428643255795813e-128,-0.0,0.0,2.8097009723338148e-244,1.0
846,-1.7180981956453573e-128,-0.0,0.0,1.45006393866446e-244,1.0
847,-1.2154363975999316e-128,-0.0,0.0,7.483662663463216e-245,1.0
848,-8.598377207746246e-129,-0.0,0.0,3.862257750654454e-245,1.0
849,-6.082760953405753e-129,-0.0,0.0,1.9932799757688766e-245,1.0
850,-4.3031353384850944e-129,-0.0,0.0,1.0287156679607739e-245,1.0
851,-3.044172520202611e-129,-0.0,0.0,5.309118329449808e-246,1.0
852,-2.153542848136199e-129,-0.0,0.0,2.739993014004985e-246,1.0
853,-1.5234835634249456e-129,-0.0,0.0,1.4140882253747283e-246,1.0
854,-1.0777599201402937e-129,-0.0,0.0,7.297994917952774e-247,1.0
855,-7.624410747494335e-130,-0.0,0.0,3.766436129425419e-247,1.0
856,-5.393746618350777e-130,-0.0,0.0,1.9438272123407544e-247,1.0
857,-3.815705048751645e-130,-0.0,0.0,1.0031934968754786e-247,1.0
858,-2.6993490887268676e-130,-0.0,0.0,5.177400469465331e-248,1.0
859,-1.9096039682612354e-130,-0.0,0.0,2.6720144921899405e-248,1.0
860,-1.3509135705448712e-130,-0.0,0.0,1.3790050602769727e-248,1.0
861,-9.55678510002256e-131,-0.0,0.0,7.116933541445471e-249,1.0
862,-6.760768670876236e-131,-0.0,0.0,3.672991817968992e-249,1.0
863,-4.782779202704238e-131,-0.0,0.0,1.895601359251575e-249,1.0
864,-3.3834875907469035e-131,-0.0,0.0,9.78304524289238e-250,1.0
865,-2.393584941212729e-131,-0.0,0.0,5.0489504957026854e-250,1.0
866,-1.693296847450714e-131,-0.0,0.0,2.6057225000136718e-250,1.0
867,-1.197891148217957e-131,-0.0,0.0,1.3447922994801585e-250,1.0
868,-8.474256626292463e-132,-0.0,0.0,6.9403642511113275e-251,1.0
869,-5.994954172179533e-132,-0.0,0.0,3.5818658358412765e-251,1.0
870,-4.241018075264086e-132,-0.0,0.0,1.848571977171451e-251,1.0
871,-3.000228825465332e-132,-0.0,0.0,9.540330407101813e-252,1.0
872,-2.1224557041277346e-132,-0.0,0.0,4.923687332745374e-252,1.0
873,-1.501491545494256e-132,-0.0,0.0,2.541075195109701e-252,1.0
874,-1.0622020788496274e-132,-0.0,0.0,1.3114283484774903e-252,1.0
875,-7.514349712445892e-133,-0.0,0.0,6.768175599447974e-253,1.0
876,-5.3158859999679305e-133,-0.0,0.0,3.493000665888016e-253,1.0
877,-3.760624012195057e-133,-0.0,0.0,1.8027093819624398e-253,1.0
878,-2.6603830407919522e-133,-0.0,0.0,9.303637263948886e-254,1.0
879,-1.8820381672780558e-133,-0.0,0.0,4.8015319166371196e-254,1.0
880,-1.3314126608012534e-133,-0.0,0.0,2.478031773209897e-254,1.0
881,-9.418829565532279e-134,-0.0,0.0,1.2788921485163317e-254,1.0
882,-6.663174611179982e-134,-0.0,0.0,6.600258903936909e-255,1.0
883,-4.713738112593662e-134,-0.0,0.0,3.4063402179407575e-255,1.0
884,-3.334645764323327e-134,-0.0,0.0,1.7579846259424252e-255,1.0
885,-2.359032705658943e-134,-0.0,0.0,9.072816416788341e-256,1.0
886,-1.668853515389159e-134,-0.0,0.0,4.682407144978066e-256,1.0
887,-1.1805991706455832e-134,-0.0,0.0,2.4165524423895246e-256,1.0
888,-8.351927768831262e-135,-0.0,0.0,1.247163163306281e-256,1.0
889,-5.908414912542333e-135,-0.0,0.0,6.43650817844495e-257,1.0
890,-4.1797974964572416e-135,-0.0,0.0,3.321829793413694e-257,1.0
891,-2.9569194733266883e-135,-0.0,0.0,1.7143694796138357e-257,1.0
892,-2.0918173139127872e-135,-0.0,0.0,8.84772217546725e-258,1.0
893,-1.4798169900320005e-135,-0.0,0.0,4.5662378282590585e-258,1.0
894,-1.0468688204378588e-135,-0.0,0.0,2.356598397951265e-258,1.0
895,-7.405877446921694e-136,-0.0,0.0,1.2162213660570192e-258,1.0
896,-5.239149326835745e-136,-0.0,0.0,6.276820066327619e-259,1.0
897,-3.706338089660488e-136,-0.0,0.0,3.239416050778865e-259,1.0
898,-2.6219794813836254e-136,-0.0,0.0,1.6718364138456748e-259,1.0
899,-1.8548702882705702e-136,-0.0,0.0,8.628212464367907e-260,1.0
